Player,Pos,School,Ht,Wt,40yd,Vertical,Bench,Broad Jump,3Cone,Shuttle
Mike Abrams,P,Virginia,6-4,227,,,,,,
Jonathan Adams,RB,Arkansas State,6-0,219,4.58,36.5,15,120,6.97,4.31
P.J. Alexander,OG,Syracuse,6-4,299,5.38,29.5,,102,7.90,4.73
Jeremy Allen,FB,Iowa,6-0,241,4.59,38.0,17,126,7.06,4.49
Brian Allen,RB,Stanford,5-9,209,4.46,33.0,19,112,6.90,4.08
James Allen,OLB,Oregon State,6-3,240,4.62,38.0,24,126,7.59,4.21
Matt Anderle,OT,Minnesota,6-6,327,5.50,29.0,26,104,7.99,4.80
Damien Anderson,RB,Northwestern,5-10,211,4.56,33.5,27,112,6.93,4.02
Marques Anderson,S,UCLA,5-11,213,4.50,39.5,18,127,,
Mark Anelli,TE,Wisconsin,6-4,262,4.80,,18,,,
Akin Ayodele,OLB,Purdue,6-2,257,4.81,35.0,26,121,7.00,4.12
Chris Baker,TE,Michigan State,6-3,258,4.81,35.0,18,112,6.95,
Jason Ball,C,New Hampshire,6-2,301,5.41,29.0,27,94,7.87,4.73
Clenton Ballard,DT,Texas State,6-2,313,5.18,26.5,24,93,7.47,4.64
Mike Banks,TE,Iowa State,6-4,260,4.84,31.5,,104,,
Justin Bannan,DT,Colorado,6-3,300,5.00,29.0,24,99,7.31,4.24
Kevin Barry,OG,Arizona,6-4,325,5.34,28.5,24,108,8.34,4.73
Will Bartholomew,FB,Tennessee,6-0,246,4.68,38.0,35,119,6.85,4.09
Rashad Bauman,CB,Oregon,5-8,186,4.44,39.0,10,118,,
Jarrod Baxter,FB,New Mexico,6-1,245,4.70,32.5,23,116,7.10,4.27
Chad Beasley,DT,Virginia Tech,6-5,303,5.15,31.5,27,104,7.75,4.60
Atrews Bell,WR,Florida State,5-11,218,4.52,,,,,
Kevin Bentley,OLB,Northwestern,6-0,243,4.68,39.0,23,120,6.71,3.83
LeCharles Bentley,C,Ohio State,6-2,299,5.19,25.5,,103,7.85,4.54
Rocky Bernard,DT,Texas A&M,6-3,294,4.96,33.0,30,108,7.43,4.41
Ladell Betts,RB,Iowa,5-10,220,4.62,38.0,23,116,7.06,4.06
Martin Bibla,OG,Miami (FL),6-3,306,5.08,,35,,,
Terreal Bierria,S,Georgia,6-3,216,4.61,36.0,18,130,6.93,4.10
Dwayne Blakley,TE,Missouri,6-5,256,4.96,32.5,21,107,7.33,4.29
Rocky Boiman,OLB,Notre Dame,6-4,242,4.60,35.0,17,122,6.86,4.05
Bruce Branch,CB,Penn State,5-10,192,4.53,35.0,,119,7.12,4.47
Deion Branch,WR,Louisville,5-9,191,4.47,36.0,,117,6.71,3.78
Sam Brandon,S,UNLV,6-2,199,4.66,36.5,,127,,
Jack Brewer,S,Minnesota,6-0,194,4.59,37.0,12,122,6.90,4.24
Raheem Brock,DE,Temple,6-4,257,4.93,34.0,25,115,7.09,4.23
Alex Brown,DE,Florida,6-3,260,4.74,,,,,
Sheldon Brown,CB,South Carolina,5-10,196,4.47,36.5,15,120,7.00,4.24
Antonio Bryant,WR,Pittsburgh,6-1,188,4.57,37.0,,121,,
Wendell Bryant,DT,Wisconsin,6-4,308,4.91,,,,,
Phillip Buchanon,CB,Miami (FL),5-10,186,4.31,,,,,
Courtland Bullard,OLB,Ohio State,6-3,234,4.69,36.5,,123,6.99,4.28
Joe Burns,RB,Georgia Tech,5-9,213,4.81,31.0,21,105,,
Jamie Burrow,ILB,Nebraska,6-1,249,4.83,30.5,18,102,7.28,4.21
Reche Caldwell,WR,Florida,6-0,194,4.53,41.5,,130,7.00,4.10
Rocky Calmus,OLB,Oklahoma,6-3,243,4.69,,16,,,
Kelly Campbell,WR,Georgia Tech,5-10,171,4.48,,,,,
Pete Campion,OG,North Dakota State,6-4,307,5.26,25.5,30,88,7.96,4.81
David Carr,QB,Fresno State,6-3,223,4.67,35.0,,108,7.05,4.28
Demontray Carter,RB,Troy,5-10,191,4.52,33.0,16,120,7.38,4.36
Tim Carter,WR,Auburn,6-0,190,4.32,39.0,,126,6.68,3.93

Rock Cartwright,RB,Kansas State,5-8,237,4.47,35.0,30,116,7.18,4.25
Chris Cash,CB,USC,5-10,177,4.50,,,,,
Jeff Chandler,K,Florida,6-2,218,5.00,,,,,
Terry Charles,WR,Portland State,6-3,207,4.52,36.5,,122,7.02,4.09
Jermaine Chatman,CB,Arizona,5-11,185,4.55,35.5,,121,,
Kenyon Coleman,DE,UCLA,6-5,284,4.97,,32,,,
Reggie Coleman,OT,Tennessee,6-5,301,5.23,29.0,,103,7.84,4.88
Mike Collins,OT,Wake Forest,6-5,300,5.53,25.5,32,104,8.62,4.98
Mike Collins,DT,Ohio State,6-3,298,5.03,31.5,31,105,7.52,4.46
Marc Colombo,OT,Boston Col.,6-8,313,5.27,29.5,30,101,7.65,4.60
Joe Cooper,OLB,Ohio State,6-0,233,4.95,32.0,17,111,7.47,4.46
Keyuo Craver,CB,Nebraska,5-11,201,4.62,31.0,13,123,,
Eric Crouch,RB,Nebraska,6-0,195,4.47,38.0,,112,6.87,4.02
Alonzo Cunningham,OG,Iowa,6-4,316,5.46,24.0,,98,8.52,4.73
Ronald Curry,QB,North Carolina,6-2,220,4.59,35.0,,115,7.06,4.11
Kevin Curtis,S,Texas Tech,6-2,212,4.53,37.5,24,124,6.75,3.88
Woody Dantzler,QB,Clemson,5-10,207,4.59,,,,,
Najeh Davenport,FB,Miami (FL),6-1,248,4.57,,,,,
Rohan Davey,QB,LSU,6-2,245,4.74,,,,,
Andre' Davis,WR,Virginia Tech,6-1,194,4.42,39.5,,123,6.77,4.10
Andra Davis,ILB,Florida,6-1,244,4.77,31.5,20,112,,
Dorsett Davis,DT,Mississippi State,6-5,304,5.00,31.0,30,109,7.83,4.67
Dan Dawson,S,Rice,6-1,219,4.57,38.0,24,124,6.75,4.00
Konrad Dean,OG,Akron,6-4,333,5.57,27.5,30,97,8.37,4.97
Ryan Denney,DE,BYU,6-7,276,4.86,33.0,36,107,7.18,4.25
Kori Dickerson,FB,USC,6-4,240,4.75,34.0,22,116,7.34,4.51
Brandon Doman,QB,BYU,6-2,210,4.81,32.5,,106,6.90,4.08
Travis Dorsch,P,Purdue,6-6,221,4.89,,,,,
T.J. Duckett,RB,Michigan State,6-0,254,4.45,,,,,
Howard Duncan,OG,Oklahoma,6-4,324,5.44,28.5,22,101,8.31,4.69
Tim Duncan,K,Oklahoma,6-2,207,5.00,,,,,
Nate Dwyer,DT,Kansas,6-3,313,5.10,31.0,27,103,7.57,4.41
Omar Easy,FB,Penn State,6-1,244,4.53,40.0,21,123,7.25,4.12
Andy Eby,C,Kansas State,6-3,300,5.10,29.0,28,103,7.46,4.55
Mike Echols,CB,Wisconsin,5-9,190,4.35,,,,,
Kalimba Edwards,DE,South Carolina,6-5,265,4.75,,,,,
Steve Edwards,OG,Central Florida,6-5,355,5.50,23.0,20,94,8.37,5.15
Antwaan Randle El,WR,Indiana,5-10,191,4.49,,,,,
Justin Ena,ILB,BYU,6-3,247,4.71,34.0,20,116,6.78,4.11
R.J. English,WR,Pittsburgh,6-2,211,4.55,37.5,,121,7.03,4.11
Hayden Epstein,K,Michigan,6-2,212,4.79,,,,,
Demarcus Faggins,CB,Kansas State,5-10,178,4.57,36.5,3,121,6.64,3.92
Randy Fasani,QB,Stanford,6-3,224,4.77,31.5,,106,6.75,3.87
Trev Faulk,ILB,LSU,6-3,241,4.90,32.0,,116,,
Jeff Ferguson,P,Oklahoma,5-10,201,4.80,,,,,
Levar Fisher,OLB,North Carolina State,6-1,233,4.67,31.0,,110,7.30,
Tony Fisher,RB,Notre Dame,6-1,226,4.66,41.5,21,126,7.00,4.13
Little John Flowers,RB,Michigan State,5-11,214,4.72,34.0,19,110,7.09,4.08
Delvon Flowers,RB,Arizona State,5-11,200,4.67,35.5,15,117,,
Toniu Fonoti,OG,Nebraska,6-4,349,5.49,28.5,32,97,8.12,4.81

Larry Foote,OLB,Michigan,6-1,231,4.83,30.0,24,,7.18,4.41
Willie Ford,CB,Syracuse,6-1,195,4.57,34.0,10,117,7.25,4.33
Lonnie Ford,DE,USC,6-2,261,4.77,37.5,22,112,7.12,4.28
DeShaun Foster,RB,UCLA,6-1,222,4.57,35.5,20,119,6.82,4.16
Melvin Fowler,C,Maryland,6-3,300,5.46,27.0,32,99,7.51,4.60
Eddie Freeman,DT,Ala-Birmingham,6-5,310,4.91,34.5,32,111,7.85,4.81
Dwight Freeney,DE,Syracuse,6-1,266,4.48,,28,,,
Scott Fujita,OLB,California,6-5,248,4.64,42.0,20,122,7.09,4.21
Jabar Gaffney,WR,Florida,6-1,193,4.56,,,,6.87,4.06
Paris Gaines,FB,Fresno State,6-0,228,4.67,,14,,,
David Garrard,QB,East Carolina,6-2,235,4.82,33.5,,111,7.35,4.26
David Givens,WR,Notre Dame,6-0,217,4.56,40.5,,126,6.82,4.13
LaVar Glover,CB,Cincinnati,5-9,177,4.59,37.0,11,117,7.18,4.29
Andre Goodman,CB,South Carolina,5-10,182,4.36,,,,,
Jonathan Goodwin,OG,Michigan,6-3,318,5.13,,,,,
Lamar Gordon,RB,North Dakota State,6-1,214,4.55,34.0,16,119,,
Daniel Graham,TE,Colorado,6-3,248,4.64,36.0,,118,,
Charles Grant,DE,Georgia,6-3,282,4.69,31.0,24,118,7.69,4.39
Bobby Gray,S,Louisiana Tech,6-0,209,4.66,,24,112,,
Jarvis Green,DE,LSU,6-3,272,4.87,31.0,,109,7.52,4.25
William Green,RB,Boston Col.,6-0,221,4.60,42.0,27,121,,
David Greene,K,Virginia,5-10,177,,,,,,
Andre Gurode,OG,Colorado,6-4,316,5.34,30.5,,100,8.15,5.05
Sean Guthrie,DE,Boston Col.,6-4,269,4.88,,28,,,
Joe Hall,FB,Kansas State,6-2,271,4.97,28.0,22,107,,
Carlos Hall,DE,Arkansas,6-4,259,4.67,40.0,20,129,6.97,4.19
Ryan Hannam,TE,New Mexico,6-2,251,4.69,30.5,18,113,7.07,4.21
Alan Harper,DT,Fresno State,6-2,295,5.27,30.5,,104,,4.64
Joey Harrington,QB,Oregon,6-4,215,4.89,32.0,,112,7.00,4.21
Napoleon Harris,OLB,Northwestern,6-3,253,4.55,34.0,27,115,7.15,4.44
Quentin Harris,S,Syracuse,6-0,216,4.61,36.5,14,120,7.59,4.34
Tyreo Harrison,ILB,Notre Dame,6-2,238,4.87,40.0,,118,7.24,
Herb Haygood,WR,Michigan State,5-11,193,4.45,33.0,,114,6.65,4.26
Verron Haynes,FB,Georgia,5-10,224,4.78,31.5,25,117,7.27,4.08
Albert Haynesworth,DT,Tennessee,6-6,320,5.09,,,,,
Ennis Haywood,RB,Iowa State,5-10,218,4.76,35.0,12,112,7.08,4.14
Jason Hebert,S,Rice,5-11,190,4.63,35.5,15,118,7.12,3.88
Keith Heinrich,TE,SMU,6-5,255,4.77,35.0,21,120,6.87,4.10
Eric Heitmann,OG,Stanford,6-4,305,5.22,28.0,33,103,7.56,4.60
John Henderson,DT,Tennessee,6-7,308,4.87,27.5,24,110,7.71,4.66
Leonard Henry,RB,East Carolina,6-1,206,4.57,35.0,26,113,7.11,4.29
Artis Hicks,OG,Memphis,6-4,303,5.08,29.5,22,104,7.85,4.64
Maurice Hicks,RB,North Carolina A&T,5-10,200,4.64,,19,,,
Charles Hill,DT,Maryland,6-2,293,5.06,33.5,23,113,7.37,4.36
Kahlil Hill,WR,Iowa,6-2,200,4.65,35.0,,,,
Matt Hill,OT,Boise State,6-6,300,5.33,28.5,20,101,7.58,4.54
Chris Hope,S,Florida State,6-0,210,4.58,,28,113,,
Abdual Howard,S,Florida State,6-0,209,4.64,,,120,,
Dameon Hunter,RB,Utah,5-11,219,4.68,30.5,,113,,
Javin Hunter,WR,Notre Dame,5-11,186,4.47,41.0,,129,6.84,4.04

Grant Irons,DE,Notre Dame,6-6,267,4.96,40.5,19,119,7.27,4.38
Ron Israel,S,Notre Dame,6-0,213,4.60,,20,121,,
Bobby Jackson,S,Illinois,6-0,216,4.68,34.5,,125,7.01,4.16
Quentin Jammer,CB,Texas,6-0,204,4.49,36.0,18,124,,
Joseph Jefferson,CB,Western Kentucky,5-11,205,4.39,39.5,8,121,6.84,4.01
Bradley Jennings,ILB,Florida State,6-3,255,4.96,,,,,
Emmett Johnson,WR,Virginia Tech,6-2,205,4.45,39.0,,122,7.15,4.10
Dennis Johnson,DE,Kentucky,6-5,258,4.82,35.5,17,119,7.21,4.36
Kyle Johnson,FB,Syracuse,6-1,242,4.74,34.0,22,119,7.40,4.35
Ron Johnson,WR,Minnesota,6-2,225,4.70,34.5,,118,7.12,4.02
Doug Jolley,TE,BYU,6-4,251,4.60,38.0,18,117,6.90,4.18
Jermese Jones,OT,Virginia,6-5,337,5.29,,22,,,
Daryl Jones,WR,Miami (FL),5-9,180,4.35,,,,,
Levi Jones,OT,Arizona State,6-5,304,5.21,,,103,,
Terry Jones,TE,Alabama,6-3,265,4.79,33.5,20,111,7.43,4.43
Eric Joyce,CB,Tennessee State,5-9,192,4.53,40.5,11,115,6.81,3.97
Doug Kaufusi,OT,Utah,6-6,313,5.47,,,,,
Brett Keisel,DE,BYU,6-5,279,4.89,33.5,26,107,7.28,4.51
Stephon Kelly,S,Winston-Salem State,6-3,212,4.62,32.5,15,117,7.26,4.10
Antwan Kirk-Hughes,OG,Texas,6-3,316,5.43,27.0,,95,8.28,4.91
Kurt Kittner,QB,Illinois,6-2,221,4.86,27.0,,100,7.34,4.50
Kyle Kosier,OT,Arizona State,6-5,293,5.09,29.5,24,108,7.34,4.49
Antwan Lake,DE,West Virginia,6-4,288,5.08,,27,,,
Broderick Lancaster,OG,Colorado State,6-4,310,5.26,,14,,,
Ben Leber,OLB,Kansas State,6-3,244,4.62,32.5,20,114,6.75,4.25
Ashley Lelie,WR,Hawaii,6-3,197,4.49,,,,,
Devin Lewis,WR,Southern,6-2,205,4.54,38.5,,111,,
D.D. Lewis,ILB,Texas,6-1,235,4.70,33.5,24,114,,
Michael Lewis,S,Colorado,6-1,211,4.60,36.5,16,122,6.96,4.14
Aaron Lockett,WR,Kansas State,5-7,155,4.31,35.0,,119,6.84,4.11
Andre Lott,CB,Tennessee,5-10,194,4.48,36.5,15,119,7.10,4.01
Omare Lowe,CB,Washington,6-1,196,4.58,35.5,12,118,6.65,3.97
Chris Luzar,TE,Virginia,6-7,270,4.76,32.5,22,115,6.84,4.17
Wesly Mallard,S,Oregon,6-2,221,4.49,41.0,22,122,6.81,4.07
Marquand Manuel,S,Florida,6-0,209,4.52,,18,,,
Jamar Martin,FB,Ohio State,5-11,245,4.89,32.0,23,108,7.53,4.34
Lee Mays,WR,Texas-El Paso,6-1,190,4.55,32.5,,119,7.08,4.17
Jason McAddley,WR,Alabama,6-1,203,4.47,36.5,,123,6.83,4.09
Tango McCauley,OG,Arkansas,6-3,304,5.32,31.0,29,104,7.90,4.78
Eric McCoo,RB,Penn State,5-10,214,4.55,32.5,14,112,,
Josh McCown,QB,SMU,6-4,221,4.59,38.5,,120,6.85,3.90
Ivory McCoy,TE,Michigan State,6-4,240,4.59,35.0,25,113,7.30,4.24
Curt McGill,C,Georgia,6-3,290,5.07,,30,,,
Jon McGraw,S,Kansas State,6-3,208,4.50,39.5,13,126,6.51,3.92
Seth McKinney,C,Texas A&M,6-3,300,4.97,33.5,23,105,7.36,4.51
Bryant McKinnie,OT,Miami (FL),6-8,343,5.13,,,,,
Randy McMichael,TE,Georgia,6-3,247,4.88,29.5,18,112,7.58,4.28
Terrence Metcalf,OT,Mississippi,6-3,318,5.31,,28,,,
Dicenzo Miller,RB,Mississippi State,5-10,215,4.93,31.0,8,107,7.25,4.39
Ben Miller,C,Air Force,6-2,263,4.92,37.5,18,114,7.28,4.46

Freddie Milons,WR,Alabama,5-10,190,4.51,33.5,,117,6.84,
Dave Minnich,RB,Washington State,5-11,218,4.66,33.5,12,117,,
Mel Mitchell,S,Western Kentucky,6-1,220,4.55,35.0,15,128,7.00,4.15
Qasim Mitchell,OG,North Carolina A&T,6-5,335,5.28,26.0,22,,8.07,4.94
Shannon Money,OG,Arkansas,6-3,295,5.22,33.5,25,107,,
Quincy Monk,ILB,North Carolina,6-3,250,4.82,33.5,26,113,7.48,4.38
Derrius Monroe,DE,Virginia Tech,6-4,269,4.56,31.5,25,111,7.38,4.51
Brandon Moore,OLB,Oklahoma,6-1,239,4.61,36.5,23,113,,
Brandon Moore,DT,Illinois,6-3,293,5.26,25.5,32,96,7.84,4.64
Maurice Morris,RB,Oregon,5-11,208,4.53,38.5,23,119,,
Marquise Muldrow,OG,Arizona State,6-2,316,5.31,25.5,29,98,8.12,4.80
Nick Murphy,P,Arizona State,6-0,188,4.74,,,,,
Larry Ned,RB,San Diego State,5-11,219,4.62,34.5,15,120,7.12,
David Neill,QB,Nevada,6-3,206,4.95,30.0,,108,7.28,4.44
Kendall Newson,WR,Middle Tennessee State,6-2,200,4.69,33.5,,117,6.87,4.27
Josh Norman,TE,Oklahoma,6-2,236,4.65,32.0,18,115,,
Donnie O'Neal,WR,Arizona State,6-1,191,4.52,38.0,,126,6.90,
J.T. O'Sullivan,QB,California-Davis,6-2,223,4.88,29.0,,107,7.46,4.28
Willie Offord,S,South Carolina,6-2,215,4.61,35.0,22,117,,
Tony Okanlawon,CB,Maryland,5-10,185,4.67,38.0,16,118,7.37,4.39
Will Overstreet,DE,Tennessee,6-3,259,4.65,32.5,21,116,7.37,4.31
John Owens,TE,Notre Dame,6-3,265,4.77,38.5,21,117,,
Melvin Paige,OG,South Carolina,6-5,314,5.34,23.5,30,,,
Anton Palepoi,DE,UNLV,6-3,279,4.81,33.5,24,114,7.46,4.27
Justin Peelle,TE,Oregon,6-4,255,4.75,29.0,21,110,7.34,4.29
Julius Peppers,DE,North Carolina,6-6,283,4.74,,,,,
Cameron Peterka,K,North Dakota,6-3,190,,,,,,
Scott Peters,C,Arizona State,6-3,300,5.07,33.5,36,97,7.68,4.69
Adrian Peterson,RB,Georgia Southern,5-10,214,4.68,34.0,14,119,7.59,4.60
Jermaine Petty,ILB,Arkansas,6-3,261,4.74,33.5,20,116,,4.34
Jermaine Phillips,S,Georgia,6-1,214,4.66,31.5,18,115,,
Dwayne Pierce,OG,LSU,6-2,319,5.50,26.0,,93,8.12,5.23
Chester Pitts,OT,San Diego State,6-4,320,5.22,30.0,,106,7.84,4.81
Brian Poli-Dixon,WR,UCLA,6-5,210,4.48,,,,,
Monsanto Pope,DT,Virginia,6-3,295,5.25,,,,,
Clinton Portis,RB,Miami (FL),5-11,204,4.42,,,,,
Pig Prather,S,Mississippi State,6-0,200,4.48,,,,,
Mike Pucillo,OG,Auburn,6-4,317,5.31,28.0,26,,,
Zach Quaccia,C,Stanford,6-4,309,5.37,26.5,23,93,7.90,4.63
Patrick Ramsey,QB,Tulane,6-2,219,5.24,33.5,,112,7.12,4.09
Saleem Rasheed,ILB,Alabama,6-3,229,4.66,,26,,,
Pete Rebstock,WR,Colorado State,5-9,190,4.50,,,,,
Tellis Redmon,RB,Minnesota,5-11,210,4.61,32.0,20,113,7.08,4.14
Ed Reed,S,Miami (FL),5-11,201,4.57,,,,,
Josh Reed,WR,LSU,5-10,210,4.54,,,,,
Kris Richard,CB,USC,5-11,186,4.47,39.5,10,120,,4.15
Nick Rogers,OLB,Georgia Tech,6-2,251,4.73,36.0,22,117,7.02,4.19
Victor Rogers,OG,Colorado,6-6,331,5.57,25.0,20,93,9.00,5.16
Frank Romero,OG,Oklahoma,6-4,300,5.30,27.5,22,88,7.65,4.79
Derek Ross,CB,Ohio State,5-11,197,4.56,,17,118,,

Casey Roussel,P,Tulane,6-1,219,5.20,,,,,
Robert Royal,TE,LSU,6-5,253,4.97,31.0,14,114,7.37,4.27
Mike Rumph,CB,Miami (FL),6-2,205,4.47,,,,,
Cliff Russell,WR,Utah,5-11,185,4.36,,,,,
Jake Schifino,WR,Akron,6-1,200,4.49,,,,,
Matt Schobel,TE,TCU,6-5,263,,34.5,,,,
Josh Scobey,RB,Kansas State,5-11,218,4.42,40.5,21,124,6.96,3.93
Greg Scott,DE,Kansas State,6-4,268,4.90,32.5,26,110,7.50,4.61
Jason Scukanec,C,BYU,6-2,304,5.33,29.0,30,100,7.87,4.59
Josh Shaw,DT,Michigan State,6-3,279,5.08,,22,,,
Lito Sheppard,CB,Florida,5-10,194,4.47,37.5,11,120,,
Rick Sherrod,S,West Virginia,6-2,192,4.62,37.0,,119,7.09,4.11
Jeremy Shockey,TE,Miami (FL),6-5,255,4.64,,,,,
Billy Silva,ILB,Northwestern,6-3,244,4.68,,,,,
Kendall Simmons,OG,Auburn,6-3,311,5.30,28.5,24,98,7.84,4.71
Ryan Sims,DT,North Carolina,6-4,311,5.09,,27,,,
Bobby Sippio,CB,Western Kentucky,6-3,214,4.69,37.0,12,123,6.78,4.20
Derek Smith,TE,Kentucky,6-4,271,4.90,28.5,16,112,7.46,4.38
Raonall Smith,OLB,Washington State,6-2,244,4.53,42.0,26,125,7.10,4.11
Steve Smith,S,Oregon,6-1,193,4.62,30.5,,110,7.00,4.22
Charles Stackhouse,FB,Mississippi,6-2,252,4.93,29.0,20,111,7.63,4.53
Luke Staley,RB,BYU,6-1,227,4.42,,,,,
Donte' Stallworth,WR,Tennessee,6-0,197,4.22,,,,,
John Stamper,DE,South Carolina,6-4,265,4.98,36.5,24,112,7.35,4.22
Connor Stephens,DE,Mississippi State,6-4,256,4.89,36.5,20,119,7.50,4.55
Travis Stephens,RB,Tennessee,5-8,194,4.60,32.0,15,121,,
Jerramy Stevens,TE,Washington,6-7,265,4.77,,,,,
Dominique Stevenson,OLB,Tennessee,6-0,231,4.53,32.5,23,110,,
Lawrence Story,WR,Jackson State,6-5,205,4.63,33.5,,114,7.06,4.16
Tim Stratton,TE,Purdue,6-4,251,4.97,27.0,15,101,,
Jashon Sykes,OLB,Colorado,6-3,236,4.68,34.5,23,116,7.25,4.34
Ed Ta'amu,OG,Utah,6-2,335,5.30,29.0,28,,,
T.C. Taylor,WR,Jackson State,6-4,219,4.69,31.0,,114,7.59,4.25
Ben Taylor,ILB,Virginia Tech,6-2,236,4.83,35.5,19,120,6.56,4.09
Chester Taylor,RB,Toledo,5-11,213,4.58,33.0,22,114,,
Lew Thomas,RB,Vanderbilt,5-9,210,4.59,36.0,17,115,6.87,4.21
Bryan Thomas,DE,Ala-Birmingham,6-4,266,4.47,34.5,33,,,
Kevin Thomas,CB,UNLV,5-11,180,4.64,35.0,10,122,,
Robert Thomas,OLB,UCLA,6-0,229,4.51,34.0,21,116,7.21,4.10
Lamont Thompson,S,Washington State,6-1,220,4.59,33.5,12,120,,
Josh Thornhill,ILB,Michigan State,6-2,243,4.69,36.5,27,121,7.15,4.19
David Thornton,OLB,North Carolina,6-2,236,4.62,35.5,26,117,6.93,4.09
Ryan Tolhurst,WR,Richmond,5-11,196,4.49,38.0,,123,6.65,3.88
Larry Tripplett,DT,Washington,6-2,305,4.93,30.0,,102,,4.36
Kurt Vollers,OT,Notre Dame,6-7,321,5.36,30.5,30,,,
Marquise Walker,WR,Michigan,6-2,219,4.63,,,,,
Javon Walker,WR,Florida State,6-3,210,4.38,39.5,,128,6.86,4.05
Langston Walker,OT,California,6-8,344,5.26,28.5,21,102,8.09,4.95
Lenny Walls,CB,Boston Col.,6-4,192,4.67,37.0,7,120,,
Fred Weary,C,Tennessee,6-4,308,5.37,32.0,34,104,7.68,4.63

Anthony Weaver,DT,Notre Dame,6-3,296,4.95,32.5,24,109,7.37,4.31
Jeff Webb,P,Vanderbilt,6-3,215,,,,,,
Jonathan Wells,RB,Ohio State,6-1,243,4.52,,,,,
Dante Wesley,CB,Ark-Pine Bluff,6-1,211,4.43,35.0,15,116,7.25,4.22
Brian Westbrook,RB,Villanova,5-8,200,4.57,37.0,26,118,7.09,
Stylez White,DE,Minnesota,6-3,268,4.88,31.5,20,114,7.40,4.36
Levron Williams,RB,Indiana,6-3,224,4.66,,16,,,
Roe Williams,CB,Tuskegee,5-11,204,4.53,38.0,23,123,,
Chad Williams,S,Southern Miss,5-9,207,4.58,36.5,20,121,6.96,
Mike Williams,OT,Texas,6-6,375,5.30,30.0,29,102,,
Ricky Williams,RB,Texas Tech,5-7,190,4.47,32.5,19,110,,
Roy Williams,S,Oklahoma,6-0,219,4.53,30.5,13,115,,
Tank Williams,S,Stanford,6-2,222,4.46,38.5,19,125,6.78,3.93
Coy Wire,S,Stanford,6-0,209,4.56,38.5,28,120,6.62,3.87
Tracey Wistrom,TE,Nebraska,6-4,245,4.92,33.5,17,116,7.09,4.10
Will Witherspoon,OLB,Georgia,6-1,231,4.68,38.0,25,122,7.09,4.21
Adam Wulfeck,P,Cincinnati,6-0,228,4.83,,,,,
Chris Young,S,Georgia Tech,6-0,210,4.63,38.5,23,121,,
Dave Zastudil,P,Ohio,6-3,222,5.26,,,,,
Greg Zolman,QB,Vanderbilt,6-2,220,4.93,34.0,,112,7.08,4.14
