Player,Pos,School,Ht,Wt,40yd,Vertical,Bench,Broad Jump,3Cone,Shuttle
Derek Abney,WR,Kentucky,5-9,179,4.58,33.5,,120,6.89,4.08
Nathaniel Adibi,DE,Virginia Tech,6-3,254,4.65,33.0,,118,,4.36
Roc Alexander,CB,Washington,5-11,185,4.35,39.5,,125,6.97,4.23
Rich Alexis,RB,Washington,6-0,210,4.64,32.0,,114,7.41,4.43
Jared Allen,DE,Idaho State,6-6,265,4.72,33.0,13,120,7.11,4.34
Will Allen,S,Ohio State,6-0,202,4.58,,,,,
Marcell Allmond,CB,USC,6-0,209,4.59,38.0,21,123,7.37,4.34
Courtney Anderson,TE,San Jose State,6-6,269,4.89,30.0,17,106,7.86,4.45
Tim Anderson,DT,Ohio State,6-3,307,5.01,,,,,
Shawn Andrews,OT,Arkansas,6-4,366,5.49,25.0,27,98,8.25,4.85
Stacy Andrews,OT,Mississippi,6-6,342,5.07,30.5,34,106,8.09,4.78
Matthias Askew,DT,Michigan State,6-5,308,5.20,27.0,20,101,7.55,4.42
Jason Babin,DE,West. Michigan,6-3,260,4.62,34.0,28,121,7.03,4.14
Rashad Baker,S,Tennessee,5-10,204,4.50,36.0,21,117,7.19,4.12
Dave Ball,DE,UCLA,6-5,277,5.07,,24,,,
Kevin Beard,WR,Miami (FL),6-0,180,4.46,31.0,,113,,
Jacob Bell,OG,Miami (OH),6-5,302,5.22,,26,,,
Tatum Bell,RB,Oklahoma State,5-11,212,4.37,38.5,25,117,,
Bernard Berrian,WR,Fresno State,6-1,183,4.58,38.0,,128,7.34,4.18
Ryon Bingham,DT,Nebraska,6-3,303,5.09,30.0,33,109,7.44,4.38
Bobby Blizzard,TE,North Carolina,6-4,266,4.89,,12,102,,
Colby Bockwoldt,OLB,BYU,6-2,230,4.60,34.0,14,112,7.12,4.05
Ryan Boschetti,DT,UCLA,6-4,306,5.06,29.5,,110,7.41,4.27
Michael Boulware,OLB,Florida State,6-2,225,4.50,,,,6.89,3.92
Jon Bradley,DT,Arkansas State,6-1,306,5.09,26.5,19,104,7.88,4.85
Greg Brooks,CB,Southern Miss,5-11,177,4.45,,,,,
Maurice Brown,WR,Iowa,6-0,219,4.56,33.0,,117,7.38,4.21
Rufus Brown,CB,Florida State,5-9,187,4.43,33.0,15,124,7.24,4.44
Tony Bua,S,Arkansas,5-11,209,4.67,36.0,15,120,6.75,4.08
Sean Bubin,OT,Illinois,6-6,306,5.32,24.5,25,97,7.66,4.76
Josh Buhl,OLB,Kansas State,5-11,204,4.73,29.0,,114,7.26,4.32
Kelly Butler,OT,Purdue,6-7,320,5.11,30.5,,105,7.96,4.92
Darrell Campbell,DT,Notre Dame,6-4,302,5.18,33.0,25,111,7.63,4.66
Dietrich Canterberry,DT,UNLV,6-3,308,5.35,,26,,,
Vernon Carey,OG,Miami (FL),6-4,335,5.33,,30,,,
Ahmad Carroll,CB,Arkansas,5-10,195,4.34,41.0,15,128,,
Jordan Carstens,DT,Iowa State,6-5,305,5.00,28.5,28,106,8.35,4.80
Drew Carter,WR,Ohio State,6-4,204,4.36,,,,,
Ran Carthon,RB,Florida,5-11,224,4.51,34.5,22,112,,4.12
Marko Cavka,OT,Sacramento State,6-7,294,5.17,27.5,27,107,7.53,4.37
Toby Cecil,C,Texas Tech,6-4,297,5.25,,19,85,8.31,4.98
Kirk Chambers,OT,Stanford,6-7,313,5.44,27.0,22,101,7.56,4.40
Ahmad Childress,DT,Alabama,6-6,351,5.28,22.0,,86,8.75,4.94
Brandon Chillar,OLB,UCLA,6-3,253,4.71,33.0,23,115,,4.08
Quinn Christensen,OG,BYU,6-6,312,5.10,,32,,,
Tyson Clabo,OG,Wake Forest,6-7,315,5.51,30.0,24,100,8.09,4.88
Adrien Clarke,OG,Ohio State,6-5,329,5.52,26.0,,102,7.90,4.74
Casey Clausen,QB,Tennessee,6-3,223,4.95,,,,,
Jared Clauss,DT,Iowa,6-5,294,4.95,,23,,,
Michael Clayton,WR,LSU,6-3,209,4.67,32.5,,116,6.77,4.09

Cedric Cobbs,RB,Arkansas,6-0,223,4.75,40.0,,123,,
Cols Colas,OLB,Virginia Tech,6-0,233,4.58,34.5,22,118,,
Keary Colbert,WR,USC,6-1,207,4.60,30.0,,,,
Ricardo Colclough,CB,Tusculum,5-11,194,4.49,39.5,8,127,,
Erik Coleman,S,Washington State,5-10,200,4.64,35.5,16,117,7.03,4.14
Chris Collins,WR,Mississippi,6-1,201,4.69,35.0,,112,,
Chris Cooley,TE,Utah State,6-3,265,4.87,33.0,22,115,7.21,4.19
Marquis Cooper,OLB,Washington,6-3,223,4.55,36.5,25,121,7.02,4.12
Terrance Copper,WR,East Carolina,6-0,208,4.53,35.5,,116,7.34,4.31
Jorge Cordova,ILB,Nevada,6-1,241,4.65,35.5,22,,7.25,4.16
Jerricho Cotchery,WR,North Carolina State,6-0,212,4.54,36.0,,121,6.93,3.91
Regis Crawford,OG,Arizona State,6-2,316,6.05,,,,8.03,4.86
Duron Croson,RB,Fort Valley State,6-1,226,4.83,30.5,14,108,,
Kentrell Curry,S,Georgia,6-1,201,4.60,34.5,17,127,,
Lane Danielson,WR,Iowa State,6-0,197,4.60,31.0,,117,6.72,3.94
Karlos Dansby,OLB,Auburn,6-3,251,4.58,,,,,
Trey Darilek,OG,Texas-El Paso,6-4,301,5.23,28.5,22,110,7.85,4.61
Devard Darling,WR,Washington State,6-1,213,4.52,37.0,,129,,
Josh Davis,RB,Nebraska,5-10,200,4.54,33.5,13,112,7.27,4.07
Rod Davis,ILB,Southern Miss,6-2,239,4.76,,,114,7.20,4.02
Curtis DeLoatch,CB,North Carolina A&T,6-2,214,4.50,35.5,10,120,6.97,4.42
Mondre Dickerson,DT,Tennessee,6-4,316,5.12,27.0,29,106,8.34,
Daryl Dixon,S,Florida,5-10,195,4.77,35.5,15,118,,
Darnell Dockett,DT,Florida State,6-3,297,5.00,31.0,26,105,,
Nat Dorsey,OT,Georgia Tech,6-7,322,5.46,28.5,26,102,8.30,4.84
Khiawatha Downey,OG,Indiana (PA),6-4,332,5.50,26.5,21,98,8.01,4.82
Vontez Duff,CB,Notre Dame,5-11,203,4.53,35.0,13,120,6.94,4.03
Jeff Dugan,TE,Maryland,6-4,263,5.00,28.0,21,109,7.40,4.32
Glenn Earl,S,Notre Dame,6-1,222,4.65,,20,,,
Adimchinobi Echemandu,RB,California,5-11,226,4.58,,15,,,
Dwan Edwards,DT,Oregon State,6-3,313,5.12,28.0,25,105,7.59,4.68
Deandre' Eiland,S,South Carolina,5-11,202,4.53,35.0,17,113,7.19,4.27
Kevin Emanuel,DE,Florida State,6-4,251,4.84,31.0,21,108,7.86,4.49
Tim Euhus,TE,Oregon State,6-5,260,4.93,34.5,25,115,6.99,4.13
Lee Evans,WR,Wisconsin,5-11,197,4.39,34.5,,120,,
Brandon Everage,S,Oklahoma,6-0,194,4.55,,,,,
Clarence Farmer,RB,Arizona,6-0,231,4.68,34.5,25,120,7.44,4.25
Jason Fife,QB,Oregon,6-4,226,4.83,30.5,,113,7.28,4.18
Larry Fitzgerald,WR,Pittsburgh,6-3,225,4.48,,,,,
Troy Fleming,FB,Tennessee,6-0,230,4.62,32.0,,120,6.94,3.91
J.P. Foschi,TE,Georgia Tech,6-4,266,5.00,30.5,24,111,7.49,4.35
Ryan Fowler,ILB,Duke,6-3,250,4.80,37.5,35,118,7.19,4.19
Keyaron Fox,OLB,Georgia Tech,6-2,227,4.65,,28,,,
Carlos Francis,WR,Texas Tech,5-9,198,4.33,38.5,,114,6.97,4.06
Michael Gaines,TE,Central Florida,6-2,275,5.06,33.0,18,109,7.44,4.18
Robert Gallery,OT,Iowa,6-7,323,4.98,30.0,24,105,7.42,4.38
Chris Gamble,CB,Ohio State,6-1,198,4.52,,,,,
Gilbert Gardner,OLB,Purdue,6-1,229,4.65,,,,,
Rich Gardner,CB,Penn State,5-11,199,4.46,36.5,11,123,6.91,3.91
Robert Geathers,DE,Georgia,6-3,271,4.84,33.5,24,112,,

Ronnie Ghent,TE,Louisville,6-2,248,5.02,27.5,11,103,7.47,4.50
Roderick Green,DE,Central Missouri State,6-2,245,4.70,34.5,21,129,7.26,4.04
Jabari Greer,CB,Tennessee,5-10,178,4.50,36.5,7,126,,
Jake Grove,C,Virginia Tech,6-3,303,5.16,,31,,,
D.J. Hackett,WR,Colorado,6-2,199,4.53,41.0,,131,6.79,4.08
Rex Hadnot,C,Houston,6-2,323,5.50,24.5,27,91,7.94,4.66
Antonio Hall,OG,Kentucky,6-3,317,5.54,26.5,27,101,8.12,4.55
DeAngelo Hall,CB,Virginia Tech,5-10,202,4.34,,,,,
Derrick Hamilton,WR,Clemson,6-3,196,4.54,,,,,
Nick Hardwick,C,Purdue,6-3,295,5.20,34.0,27,108,7.72,4.55
Jonathan Harrell,OLB,New Mexico,6-1,242,4.73,,27,,,
Claude Harriott,DE,Pittsburgh,6-4,252,4.69,30.5,25,118,7.44,4.25
Tommie Harris,DT,Oklahoma,6-2,295,4.78,,29,,,
Josh Harris,QB,Bowling Green,6-1,238,4.78,31.0,,115,,
Ben Hartsock,TE,Ohio State,6-4,263,4.80,35.0,23,117,7.10,3.98
Joseph Hayes,OG,San Jose State,6-4,311,5.67,23.0,18,94,8.25,5.12
Devery Henderson,WR,LSU,5-11,198,4.41,,,,,
Anthony Herrera,OG,Tennessee,6-2,315,5.20,,,,,
Bryan Hickman,OLB,Kansas State,6-0,231,4.68,32.5,26,106,7.38,4.00
Marquise Hill,DE,LSU,6-7,305,5.12,29.0,23,106,,
Cedric Hilliard,DT,Notre Dame,6-1,307,5.17,29.0,26,110,8.22,4.75
Isaac Hilton,DE,Kansas State,6-3,267,4.57,36.5,31,123,7.99,4.48
T.J. Hollowell,OLB,Nebraska,6-0,235,4.64,33.5,,117,7.14,4.09
Von Hutchins,CB,Mississippi,5-10,185,4.46,34.5,11,115,7.05,4.06
Scott Jackson,C,BYU,6-4,300,4.98,30.5,28,105,7.84,4.52
Steven Jackson,RB,Oregon State,6-1,241,4.55,,,,,
Justin Jenkins,WR,Mississippi State,5-11,213,4.60,35.0,,123,7.47,4.16
Michael Jenkins,WR,Ohio State,6-4,218,4.40,,,,,
Leon Joe,OLB,Maryland,6-0,230,4.49,39.0,30,,,
Tony Johnson,WR,Penn State,5-11,202,4.61,32.5,,118,7.16,4.16
B.J. Johnson,WR,Texas,5-11,207,4.50,,,,,
Landon Johnson,OLB,Purdue,6-2,227,4.65,37.5,20,120,7.00,4.08
Spencer Johnson,DT,Auburn,6-3,286,5.06,30.0,19,111,7.78,4.53
Tank Johnson,DT,Washington,6-3,304,4.69,34.0,31,114,7.56,4.60
Trevor Johnson,DE,Nebraska,6-5,260,4.80,35.5,23,110,7.06,4.08
Shawn Johnson,DE,Pittsburgh,6-4,269,4.87,,,,,
Maurice Jones,OLB,South Florida,6-1,249,4.71,35.5,26,118,7.16,4.21
Adrian Jones,OT,Kansas,6-4,296,4.97,31.0,27,114,7.81,4.58
Donnie Jones,P,LSU,6-3,222,4.88,,,,,
Greg Jones,RB,Florida State,6-1,249,4.55,,,,,
Julius Jones,RB,Notre Dame,5-10,217,4.47,37.5,,121,6.97,4.12
Kevin Jones,RB,Virginia Tech,6-0,227,4.38,38.0,,120,,
Sean Jones,S,Georgia,6-1,218,4.63,36.5,,122,7.19,
Randy Jordan,CB,Kansas State,6-1,178,4.59,33.5,,115,7.34,4.21
Carlos Joseph,OT,Miami (FL),6-6,345,5.33,,29,,,
Nate Kaeding,K,Iowa,6-0,187,4.95,,,,,
Mike Karney,FB,Arizona State,5-11,254,5.02,30.0,25,103,,
Tommy Kelly,DE,Mississippi State,6-6,294,4.87,25.0,24,105,7.79,4.45
Robert Kent,QB,Jackson State,6-4,222,4.87,26.5,,110,7.69,4.22
Kelvin Kight,WR,Florida,6-0,213,4.56,34.0,,109,7.18,4.24

David Kimball,K,Penn State,6-1,209,4.88,,,,,
Derrick Knight,RB,Boston Col.,5-9,209,4.71,31.5,16,108,,
Niko Koutouvides,ILB,Purdue,6-2,244,4.71,30.5,,108,6.98,3.88
Ryan Krause,WR,Nebraska-Omaha,6-2,244,4.60,33.5,18,119,6.78,4.16
Craig Krenzel,QB,Ohio State,6-3,228,4.84,28.0,,112,7.22,4.08
Travis Laboy,DE,Hawaii,6-3,263,4.69,35.5,35,126,7.01,4.07
Kyle Larson,P,Nebraska,6-1,204,4.86,,,,,
Chad Lavalais,DT,LSU,6-1,303,5.09,,,,,
Nick Leckey,C,Kansas State,6-3,290,5.26,27.0,18,97,7.71,4.47
Andy Lee,P,Pittsburgh,6-1,207,5.00,,,,,
Teddy Lehman,OLB,Oklahoma,6-1,240,4.55,34.5,26,113,6.91,4.06
Rodney Leisle,DT,UCLA,6-3,309,5.15,,31,,,
Brad Lekkerkerker,OT,California-Davis,6-7,317,5.36,27.5,23,102,7.94,4.71
Jeremy LeSueur,CB,Michigan,6-0,197,4.53,35.0,,116,,
Alex Lewis,OLB,Wisconsin,6-0,227,4.78,34.5,25,121,7.06,4.28
Keith Lewis,S,Oregon,6-0,204,4.60,37.0,11,121,7.28,4.07
Sean Locklear,OG,North Carolina State,6-4,308,5.16,29.0,27,100,7.85,4.56
Jared Lorenzen,QB,Kentucky,6-3,288,5.28,,,,,
J.P. Losman,QB,Tulane,6-2,224,4.73,33.0,,116,,
Triandos Luke,WR,Alabama,5-11,199,4.51,38.0,,124,7.06,4.17
Maurice Mann,WR,Nevada,6-1,191,4.57,34.0,,118,,
Tim Manning,WR,Jackson State,5-11,179,4.59,28.5,,111,7.24,4.27
Eli Manning,QB,Mississippi,6-5,221,4.90,,,,,
Matt Mauck,QB,LSU,6-2,228,4.79,,,,,
Luke McCown,QB,Louisiana Tech,6-4,208,4.71,37.5,,125,6.74,4.21
Derek McCoy,WR,Colorado,6-3,210,4.73,38.0,,128,7.10,4.09
Bobby McCray,DE,Florida,6-6,255,4.62,33.5,27,,,
Dylan McFarland,OT,Montana,6-6,304,5.26,27.5,31,98,,
Sean McHugh,TE,Penn State,6-5,264,4.92,29.0,18,115,7.36,4.09
Jeris McIntyre,WR,Auburn,5-11,203,4.46,29.0,,112,6.98,4.08
DeMarco McNeil,DT,Auburn,6-1,310,5.32,,,,,
Caleb Miller,ILB,Arkansas,6-3,224,4.66,34.5,23,120,6.85,3.93
Jim Molinaro,OT,Notre Dame,6-6,308,5.09,29.5,21,105,7.75,4.60
Lewis Moore,OLB,Pittsburgh,6-1,234,4.68,,,,,
Clarence Moore,WR,Northern Arizona,6-6,211,4.55,34.0,,122,6.84,4.16
Mewelde Moore,RB,Tulane,5-11,209,4.65,35.0,,118,7.05,4.12
Johnnie Morant,WR,Syracuse,6-4,229,4.51,41.0,,130,7.34,4.22
John Navarre,QB,Michigan,6-6,246,5.19,26.5,,100,7.73,4.46
James Newson,WR,Oregon State,6-1,213,4.76,31.5,,116,7.41,
Jesse Nicassio,K,East. Washington,6-0,192,,,,,,
Gabe Nyenhuis,DE,Colorado,6-3,269,4.74,39.0,25,124,6.92,4.03
Antwan Odom,DE,Alabama,6-6,274,4.71,37.0,21,114,7.30,4.44
Shane Olivea,OT,Ohio State,6-3,302,5.29,29.0,,92,8.25,4.71
Igor Olshansky,DT,Oregon,6-5,315,4.96,33.5,41,110,7.61,4.41
Uyi Osunde,DE,Connecticut,6-3,252,4.75,,33,,,
Tony Pape,OT,Michigan,6-6,323,5.36,27.0,26,97,8.01,4.60
Arnold Parker,S,Utah,6-2,213,4.54,35.5,18,120,6.98,4.12
Samie Parker,WR,Oregon,5-10,179,4.39,36.0,,,,
Josh Parrish,OT,Washington State,6-6,330,5.41,28.0,20,104,8.24,4.61
Jarrett Payton,RB,Miami (FL),6-0,220,4.66,31.0,,115,7.34,4.31

Bradlee Van Pelt,QB,Colorado State,6-2,231,4.98,33.5,,115,6.89,4.11
Carlos Perez,WR,Florida,5-11,203,4.78,38.0,,118,,4.45
Chris Perry,RB,Michigan,6-0,224,4.56,,19,,,
Stephen Peterman,OG,LSU,6-4,312,5.46,24.5,23,95,7.87,4.68
Jason Peters,TE,Arkansas,6-4,336,4.93,29.0,21,115,7.70,4.75
Shaun Phillips,DE,Purdue,6-3,255,4.78,33.0,,114,6.95,4.23
Cody Pickett,QB,Washington,6-3,233,4.79,30.5,,109,7.19,4.30
Brett Pierce,TE,Stanford,6-5,250,4.95,27.0,19,103,7.13,4.37
Lousaka Polite,FB,Pittsburgh,6-0,246,4.68,32.0,28,117,7.45,4.18
Will Poole,CB,USC,5-10,194,4.47,,16,,,
Derrick Pope,OLB,Alabama,5-11,230,4.71,,24,106,,
Kendyll Pope,OLB,Florida State,6-1,226,4.70,,,118,,4.26
Etric Pruitt,S,Southern Miss,6-0,197,4.57,39.5,,116,7.15,4.00
Chad Pugh,DT,TCU,6-3,321,5.38,25.0,19,98,8.17,4.85
Keiwan Ratliff,CB,Florida,5-10,194,4.56,,11,,,
Dexter Reid,S,North Carolina,5-11,203,4.56,,,,,
Alan Reuber,OG,Texas A&M,6-6,323,5.49,29.0,26,98,7.95,4.91
Robert Reynolds,ILB,Ohio State,6-3,251,4.76,32.5,18,116,7.17,3.94
Lawrence Richardson,CB,Arkansas,5-9,194,4.62,31.0,8,112,,
Greg Richmond,OLB,Oklahoma State,6-1,233,4.73,,17,,,
Brian Rimpf,OT,East Carolina,6-6,319,5.41,28.0,31,105,7.97,4.66
Scott Rislov,QB,San Jose State,6-1,224,4.95,30.0,,119,7.44,4.34
Constantin Ritzmann,DE,Tennessee,6-3,259,4.97,29.0,24,108,7.39,4.48
Philip Rivers,QB,North Carolina State,6-5,229,5.08,,,,,
Ell Roberson,QB,Kansas State,5-11,194,4.60,,,,,
Dunta Robinson,CB,South Carolina,5-11,186,4.34,36.0,15,120,6.97,3.75
Ben Roethlisberger,QB,Miami (OH),6-5,241,4.75,,,,,
Jacob Rogers,OT,USC,6-6,307,5.30,,30,,,
Fred Russell,RB,Iowa,5-7,195,4.50,34.0,21,121,7.09,4.30
Rod Rutherford,QB,Pittsburgh,6-2,240,4.79,30.5,,110,7.66,4.41
Sean Ryan,TE,Boston Col.,6-4,268,4.97,32.5,22,115,,
P.K. Sam,WR,Florida State,6-3,210,4.54,34.5,,,7.04,
Stanford Samuels,CB,Florida State,5-10,193,4.58,,,,,
B.J. Sander,P,Ohio State,6-4,219,4.84,,,,,
Bob Sanders,S,Iowa,5-8,204,4.35,41.5,15,128,6.70,3.91
Matt Schaub,QB,Virginia,6-6,243,5.04,30.5,,110,7.65,4.62
Bo Schobel,DE,TCU,6-5,271,4.80,32.5,25,109,6.94,4.38
Stuart Schweigert,S,Purdue,6-2,218,4.47,38.0,18,124,6.68,3.89
Josh Scobee,K,Louisiana Tech,6-1,191,4.87,,,,,
Darrion Scott,DE,Ohio State,6-3,289,4.81,36.5,,118,,4.32
Guss Scott,S,Florida,5-10,204,4.46,39.0,20,124,,
Jake Scott,OT,Idaho,6-5,281,5.06,34.5,24,110,7.96,4.68
Richard Seigler,ILB,Oregon State,6-2,244,4.86,,25,,,
Nicholas Setta,K,Notre Dame,5-11,204,4.80,,,,,
Josh Sewell,C,Nebraska,6-2,301,5.06,30.0,30,99,7.53,4.24
Jason Shivers,S,Arizona State,6-0,201,4.51,36.0,19,128,,
Jeff Shoate,CB,San Diego State,5-10,189,4.62,36.0,12,121,7.00,3.88
Andrew Shull,DE,Kansas State,6-5,265,4.90,30.5,16,107,7.46,4.28
Junior Siavii,DT,Oregon,6-4,344,5.16,24.5,31,93,7.93,4.84
Kurt Sigler,C,East. Washington,6-5,306,5.84,24.0,,93,8.09,4.63

Justin Smiley,OG,Alabama,6-3,298,5.07,32.0,19,111,7.72,4.41
Antonio Smith,DE,Oklahoma State,6-3,274,5.03,33.0,24,108,,4.75
Daryl Smith,OLB,Georgia Tech,6-2,234,4.67,,24,,,
Jonathan Smith,WR,Georgia Tech,5-10,194,4.78,32.5,,114,,4.35
Keith Smith,CB,McNeese State,5-11,201,4.48,36.5,12,116,,
Will Smith,DE,Ohio State,6-3,275,4.60,,,,,
Jeff Smoker,QB,Michigan State,6-3,223,4.95,26.5,,101,7.65,4.36
Chris Snee,OG,Boston Col.,6-3,314,5.10,30.5,29,104,7.75,4.66
Shannon Snell,OG,Florida,6-4,316,5.82,25.5,21,93,8.38,4.91
Isaac Sopoaga,DT,Hawaii,6-2,317,4.97,30.5,42,99,7.79,4.66
Cody Spencer,ILB,North Texas,6-2,242,4.65,34.5,27,116,6.94,4.08
John Standeford,WR,Purdue,6-3,197,4.60,32.5,,113,6.90,4.08
Max Starks,OT,Florida,6-7,350,5.56,27.5,21,98,7.88,4.65
Randy Starks,DT,Maryland,6-3,314,5.08,29.5,27,102,,
Kendrick Starling,WR,San Jose State,6-1,193,4.49,31.5,,119,6.88,3.87
Alex Stepanovich,C,Ohio State,6-3,304,5.29,25.5,,96,7.64,4.44
Larry Stevens,DE,Michigan,6-2,241,4.86,,,,,
Derrick Strait,CB,Oklahoma,5-11,196,4.52,,,,,
Drew Strojny,OT,Duke,6-7,327,5.37,29.5,,99,7.98,4.84
Billy Strother,OLB,New Mexico,6-0,241,4.68,33.0,,112,7.41,4.15
B.J. Symons,QB,Texas Tech,6-0,210,4.90,,,,,
Thomas Tapeh,FB,Minnesota,6-1,245,4.80,32.5,23,114,7.65,4.52
Greg Taplin,DE,Michigan State,6-5,267,5.09,33.0,,115,,
Jamaar Taylor,WR,Texas A&M,6-1,197,4.46,,,,,
Sean Taylor,S,Miami (FL),6-2,230,4.51,,,,,
Craig Terrill,DT,Purdue,6-2,290,5.21,26.5,28,100,7.39,4.10
Jeb Terry,OG,North Carolina,6-5,313,5.20,29.0,27,105,8.03,4.98
Dontarrious Thomas,OLB,Auburn,6-2,241,4.57,38.5,26,129,,4.00
Joey Thomas,CB,Montana State,6-1,195,4.44,38.5,17,122,6.82,3.88
Sloan Thomas,WR,Texas,6-1,203,4.50,,,,,
Chris Thompson,CB,Nicholls State,6-0,189,4.50,35.0,12,117,7.09,4.14
Bruce Thornton,CB,Georgia,5-10,197,4.50,37.5,,122,,
Andrae Thurman,WR,Arizona,5-11,192,4.54,34.5,,121,7.31,4.30
Deryck Toles,OLB,Penn State,6-0,224,4.58,37.0,24,112,7.12,4.23
Reggie Torbor,DE,Auburn,6-2,254,4.65,34.0,16,120,7.48,4.46
Daryl Towns,OLB,Nevada,6-0,224,4.57,37.0,,112,7.15,4.25
Ben Troupe,TE,Florida,6-4,265,4.65,,,,,
Marcus Tubbs,DT,Texas,6-4,321,5.05,32.5,29,105,,
Sean Tufts,OLB,Colorado,6-4,242,4.61,34.5,21,118,6.94,3.94
Michael Turner,RB,Northern Illinois,5-10,237,4.49,31.0,22,114,7.50,4.15
Kenechi Udeze,DE,USC,6-3,281,4.77,,,,,
Ben Utecht,TE,Minnesota,6-6,249,4.80,,,,,
Nathan Vasher,CB,Texas,5-10,177,4.49,,,,,
Khaleed Vaughn,DE,Clemson,6-4,281,5.00,31.5,14,113,7.38,4.35
Jonathan Vilma,ILB,Miami (FL),6-0,233,4.61,,,,,
Michael Waddell,CB,North Carolina,5-11,187,4.31,37.5,14,121,6.84,4.03
Alex Wade,FB,Duke,6-0,248,4.97,32.5,22,114,7.50,4.41
Mike Walker,TE,Minnesota-Morris,6-4,254,4.84,30.0,19,106,7.51,4.35
Matt Ware,S,UCLA,6-2,209,4.54,,15,,,
Donnell Washington,DT,Clemson,6-5,332,5.00,31.0,34,109,7.80,4.88

Rashad Washington,S,Kansas State,6-2,223,4.61,34.0,14,116,7.06,4.02
Benjamin Watson,TE,Georgia,6-3,258,4.50,35.5,34,123,7.38,4.11
Courtney Watson,OLB,Notre Dame,6-1,237,4.56,36.5,22,114,7.39,4.35
Darius Watts,WR,Marshall,6-1,188,4.50,,,,,
Scott Wells,C,Tennessee,6-2,300,5.30,31.0,31,109,7.56,4.35
Travelle Wharton,OT,South Carolina,6-4,312,5.14,31.5,,105,8.31,4.58
Huey Whittaker,WR,South Florida,6-4,234,4.62,37.0,,121,7.06,4.13
Ernest Wilford,WR,Virginia Tech,6-4,226,4.79,40.5,,130,,4.17
Vince Wilfork,DT,Miami (FL),6-1,323,5.08,,36,,,
Virgil Williams,S,Washington State,6-1,196,4.66,,11,,,
Corey Williams,DT,Arkansas State,6-4,313,5.18,28.0,25,106,7.97,4.55
D.J. Williams,OLB,Miami (FL),6-1,250,4.55,,,,,
Demorrio Williams,OLB,Nebraska,6-1,232,4.52,37.0,16,125,7.02,4.11
Madieu Williams,S,Maryland,6-0,193,4.48,,18,125,,
Quintin Williams,S,Wake Forest,5-11,207,4.60,37.0,21,122,7.28,4.09
Reggie Williams,WR,Washington,6-4,229,4.56,,,,,
Roy Williams,WR,Texas,6-2,212,4.48,,,,,
Shaud Williams,RB,Alabama,5-7,193,4.73,34.0,15,114,7.01,4.15
Keith Willis,TE,Virginia Tech,6-6,260,5.03,,21,114,7.33,4.44
George Wilson,WR,Arkansas,6-0,213,4.63,35.0,,120,7.07,3.98
Gibril Wilson,S,Tennessee,6-0,197,4.47,,15,120,,
Kris Wilson,TE,Pittsburgh,6-2,248,4.62,35.0,24,119,6.88,4.10
Mark Wilson,OT,California,6-7,314,5.36,28.5,24,108,7.53,4.49
Quincy Wilson,RB,West Virginia,5-9,225,4.60,33.5,26,118,7.68,4.36
Travis Wilson,FB,Kansas State,6-3,256,4.89,33.0,25,109,7.56,4.36
Marcus Winn,S,Arkansas,6-0,223,4.86,,21,,,
Kellen Winslow,TE,Miami (FL),6-4,251,4.55,,24,120,,
Jeff Womble,DT,Florida State,6-1,313,5.38,28.0,18,,,
Rashaun Woods,WR,Oklahoma State,6-2,202,4.47,39.0,,125,6.93,3.97
Renaldo Works,RB,Oklahoma,6-0,222,4.70,30.5,21,115,7.25,4.09
Carlos Wright,WR,Tennessee State,6-1,203,4.65,34.0,,122,7.12,4.31
Jason Wright,RB,Northwestern,5-10,210,4.68,30.0,,111,7.35,4.12
Dexter Wynn,CB,Colorado State,5-9,175,4.49,39.0,13,123,6.70,3.90
Kirk Yliniemi,K,Oregon State,6-0,214,4.69,,,,,
Kevin Youngblood,WR,Clemson,6-4,213,4.64,34.0,,,,
