Player,Pos,School,Ht,Wt,40yd,Vertical,Bench,Broad Jump,3Cone,Shuttle
Seyi Ajirotutu,WR,Fresno State,6-3,204,4.60,36.0,14,115,7.22,4.39
Rahim Alem,DE,LSU,6-3,251,4.75,30.5,,106,7.54,4.80
Charles Alexander,DT,LSU,6-4,300,5.40,,,,,
Danario Alexander,WR,Missouri,6-5,215,4.62,,,,,
Nate Allen,S,South Florida,6-0,207,4.50,,16,,,
Tyson Alualu,DE,California,6-2,295,4.87,35.5,21,116,7.15,4.43
Jonathon Amaya,S,Nevada,6-1,203,4.43,28.0,8,118,,
Pat Angerer,ILB,Iowa,6-0,235,4.71,35.0,26,110,7.04,4.29
Lucien Antoine,S,Oklahoma State,6-0,215,4.62,32.0,28,120,7.38,4.47
Javier Arenas,CB,Alabama,5-9,197,4.60,,,112,,
Alric Arnett,WR,West Virginia,6-2,188,4.52,40.0,,122,7.03,4.43
Jon Asamoah,OG,Illinois,6-4,305,5.07,,,,,
Larry Asante,S,Nebraska,6-0,212,4.62,37.5,14,118,7.00,4.17
Geno Atkins,DT,Georgia,6-1,293,4.75,33.0,34,117,7.33,4.43
Brandon Banks,WR,Kansas State,5-7,149,4.37,31.0,,113,6.88,4.29
Kevin Basped,DE,Nevada,6-4,258,4.75,29.0,26,104,7.54,4.88
Zane Beadles,OG,Utah,6-4,310,5.28,,27,,,
Jason Beauchamp,ILB,UNLV,6-3,244,4.89,39.5,21,120,7.10,
Chris Bell,WR,Norfolk State,6-2,211,4.50,35.0,15,117,6.76,4.35
Joique Bell,RB,Wayne State (MI),5-11,220,4.68,36.5,,120,6.84,4.17
Arrelious Benn,WR,Illinois,6-1,219,4.57,37.0,20,118,,
Eric Berry,S,Tennessee,6-0,211,4.40,43.0,19,130,6.80,4.23
Jahvid Best,RB,California,5-10,199,4.34,32.5,18,113,6.75,4.17
Ciron Black,OG,LSU,6-4,327,5.53,25.5,23,91,8.52,5.13
LeGarrette Blount,RB,Oregon,6-0,241,4.70,35.0,18,117,6.85,4.49
Nyan Boateng,WR,California,6-1,204,4.66,36.0,14,112,7.35,4.69
Kyle Bosworth,OLB,UCLA,6-1,236,4.69,32.5,25,117,6.67,4.11
Brent Bowden,P,Virginia Tech,6-2,202,4.80,,,,,
Navorro Bowman,OLB,Penn State,6-0,242,4.70,29.5,26,115,6.91,4.59
Sam Bradford,QB,Oklahoma,6-4,236,4.79,,,,,
Dezmon Briscoe,WR,Kansas,6-2,207,4.66,33.0,9,115,7.10,4.57
Dorian Brooks,OG,James Madison,6-2,306,5.15,23.0,26,100,7.73,4.66
Chris Brown,RB,Oklahoma,5-10,210,4.55,36.0,17,115,,
Antonio Brown,WR,Central Michigan,5-10,186,4.56,33.5,13,105,6.98,4.18
Charles Brown,OT,USC,6-5,303,5.21,31.5,21,,,
Cornelius Brown,CB,Texas-El Paso,5-11,198,4.59,31.5,11,118,6.87,4.24
Jarrett Brown,QB,West Virginia,6-3,224,4.50,34.5,,114,7.24,4.39
Levi Brown,QB,Troy,6-3,229,4.93,31.5,20,106,7.07,4.43
Dez Bryant,WR,Oklahoma State,6-2,225,4.52,,,,,
Bryan Bulaga,OT,Iowa,6-5,314,5.20,27.5,26,98,7.70,4.75
Morgan Burnett,S,Georgia Tech,6-1,209,4.51,,16,,,
Crezdon Butler,CB,Clemson,6-0,191,4.43,39.5,17,121,7.08,4.23
Donald Butler,ILB,Washington,6-1,245,4.61,,35,,,
Jeff Byers,C,USC,6-3,301,5.04,,33,,,
Nate Byham,TE,Pittsburgh,6-4,268,4.97,29.0,,109,,
Kyle Calloway,OT,Iowa,6-6,323,5.46,23.5,22,92,7.96,4.86
Lee Campbell,ILB,Minnesota,6-2,247,4.88,34.0,17,108,7.27,4.40
Bruce Campbell,OT,Maryland,6-6,314,4.75,32.0,34,101,7.58,4.69
Sean Canfield,QB,Oregon State,6-4,223,4.93,29.5,,100,7.26,4.39
Selvish Capers,OT,West Virginia,6-5,308,5.11,30.5,19,106,7.68,4.68

Alex Carrington,DE,Arkansas State,6-5,285,4.92,,26,,,
Nolan Carroll,CB,Maryland,5-11,204,4.42,,,,,
Brandon Carter,OG,Texas Tech,6-6,329,5.34,24.5,22,102,7.82,4.94
Chris Carter,WR,California-Davis,5-11,191,4.49,,12,,,
Chris Chancellor,CB,Clemson,5-9,177,4.49,34.0,14,115,6.85,4.07
Kam Chancellor,S,Virginia Tech,6-3,231,4.62,32.0,22,116,7.36,4.41
Jamar Chaney,ILB,Mississippi State,6-1,242,4.54,39.0,26,124,6.90,4.29
Barry Church,S,Toledo,6-1,222,4.69,36.0,19,121,6.65,4.17
Daryll Clark,QB,Penn State,6-2,235,4.72,,21,,,
Jimmy Clausen,QB,Notre Dame,6-3,222,4.76,,,,,
Keenan Clayton,OLB,Oklahoma,6-1,229,4.59,41.5,27,124,,
Terrence Cody,DT,Alabama,6-4,354,5.71,20.5,,90,8.19,5.03
Justin Cole,OLB,San Jose State,6-3,242,4.76,34.5,22,117,7.13,4.42
Harry Coleman,S,LSU,6-1,211,4.56,33.0,13,115,7.24,4.42
Antonio Coleman,OLB,Auburn,6-1,255,4.76,,18,113,,
Kurt Coleman,S,Ohio State,5-10,192,4.55,,19,,,
John Conner,FB,Kentucky,5-11,246,4.64,35.0,24,111,7.15,4.32
Kavell Conner,OLB,Clemson,6-0,242,4.59,33.5,24,110,7.36,4.60
Chris Cook,CB,Virginia,6-2,212,4.45,38.0,7,132,6.88,4.23
Erik Cook,C,New Mexico,6-6,318,5.55,25.0,19,94,8.24,4.99
Riley Cooper,WR,Florida,6-3,222,4.53,33.0,,114,,
Perrish Cox,CB,Oklahoma State,5-11,195,4.58,32.5,12,113,,
Jermaine Cunningham,DE,Florida,6-3,266,4.89,,,,,
Rennie Curran,OLB,Georgia,5-11,235,4.75,34.5,25,,,
Anthony Davis,OT,Rutgers,6-5,323,5.36,33.0,21,99,8.17,4.97
Dexter Davis,OLB,Arizona State,6-1,244,4.62,35.0,25,109,7.08,4.30
Hall Davis,DE,Louisiana-Lafayette,6-4,271,4.84,,28,,,
Brandon Deaderick,DT,Alabama,6-4,314,5.08,,,,,
Eric Decker,WR,Minnesota,6-3,217,4.54,,15,,,
Chris DeGeare,OG,Wake Forest,6-4,325,5.12,32.5,27,103,7.84,4.90
Dorin Dickerson,TE,Pittsburgh,6-1,226,4.40,43.5,24,125,6.96,4.30
Ed Dickson,TE,Oregon,6-4,249,4.59,34.0,23,115,7.32,4.59
Phillip Dillard,ILB,Nebraska,6-0,245,4.65,31.5,,106,7.16,4.43
Andre Dixon,RB,Connecticut,6-1,205,4.56,40.0,,117,6.99,4.19
Anthony Dixon,RB,Mississippi State,6-1,233,4.67,33.0,15,121,7.09,4.49
Matt Dodge,P,East Carolina,6-1,224,,,,,,
Jim Dray,TE,Stanford,6-5,246,4.82,,17,,,
Vladimir Ducasse,OT,Massachusetts,6-4,332,5.21,26.0,29,91,8.25,4.97
Carlos Dunlap,DE,Florida,6-6,277,4.68,31.5,21,111,7.21,4.61
Jonathan Dwyer,RB,Georgia Tech,5-11,229,4.64,33.0,15,107,7.56,4.67
Marcus Easley,WR,Connecticut,6-3,210,4.39,34.0,16,123,6.94,4.60
A.J. Edds,OLB,Iowa,6-4,246,4.62,33.0,16,117,7.19,4.28
Armanti Edwards,WR,Appalachian State,5-11,187,4.41,,,,,
Brody Eldridge,TE,Oklahoma,6-5,261,4.72,31.5,,,,
Dedrick Epps,TE,Miami (FL),6-3,250,4.70,,19,,,
Jacoby Ford,WR,Clemson,5-9,186,4.28,33.5,15,115,7.00,4.44
Jason Fox,OT,Miami (FL),6-7,303,5.45,,23,,,
Dominique Franks,CB,Oklahoma,5-11,194,4.46,33.5,10,117,7.32,4.33
Junior Galette,OLB,Temple,6-2,257,4.77,33.5,25,113,7.04,4.16
Clifton Geathers,DE,South Carolina,6-7,299,4.98,36.0,26,112,7.69,

Riar Geer,FB,Colorado,6-3,256,5.00,33.0,13,106,7.13,4.29
Toby Gerhart,RB,Stanford,6-0,231,4.50,38.0,22,118,6.94,4.25
David Gettis,WR,Baylor,6-3,217,4.43,34.5,15,124,6.94,4.41
Brandon Ghee,CB,Wake Forest,6-0,192,4.37,37.0,15,127,6.75,4.07
Thaddeus Gibson,OLB,Ohio State,6-2,243,4.78,32.0,32,115,6.84,4.27
Mardy Gilyard,WR,Cincinnati,6-0,187,4.61,39.0,,116,6.92,4.40
Travis Goethel,ILB,Arizona State,6-2,240,4.81,35.0,21,111,6.93,4.54
Brandon Graham,OLB,Michigan,6-1,268,4.71,,31,,,
Garrett Graham,TE,Wisconsin,6-3,243,4.71,34.5,20,112,7.09,4.35
Jimmy Graham,TE,Miami (FL),6-6,260,4.53,38.5,,120,6.90,4.45
Marshay Green,CB,Mississippi,5-9,180,4.52,35.5,,124,6.66,4.11
Kurtis Gregory,OG,Missouri,6-4,305,5.31,25.5,26,91,7.62,4.93
Clint Gresham,LS,TCU,6-3,236,5.08,,,,,
Jermaine Gresham,TE,Oklahoma,6-5,261,4.66,35.0,20,113,7.07,4.53
Everson Griffen,DE,USC,6-3,273,4.65,,32,,,
Cody Grimm,S,Virginia Tech,5-11,203,4.55,35.5,11,117,6.58,
Rob Gronkowski,TE,Arizona,6-6,264,4.68,,23,,,
Joe Haden,CB,Florida,5-11,193,4.52,35.0,18,125,6.94,4.34
Max Hall,QB,BYU,6-1,209,4.84,32.0,,102,7.07,4.35
Clay Harbor,FB,Missouri State,6-3,252,4.62,40.0,30,120,,4.37
Montario Hardesty,RB,Tennessee,6-0,225,4.49,41.0,21,124,6.87,4.14
Greg Hardy,DE,Mississippi,6-4,281,4.82,35.0,21,117,7.25,4.65
Chris Hawkins,CB,LSU,6-0,187,4.43,35.0,16,118,6.91,4.46
Joe Hawley,C,UNLV,6-3,297,5.21,26.0,35,105,7.50,4.73
Aaron Hernandez,TE,Florida,6-2,245,4.64,,,,,
Tim Hiller,QB,West. Michigan,6-4,229,4.97,32.5,18,118,7.10,4.54
Shay Hodge,WR,Mississippi,6-1,209,4.62,33.5,11,117,6.90,4.32
Trindon Holliday,WR,LSU,5-5,166,4.34,42.0,10,116,6.54,4.48
Michael Hoomanawanui,TE,Illinois,6-4,264,4.77,,25,,,
Lamarr Houston,DT,Texas,6-3,305,4.84,33.5,30,114,7.61,4.71
Jerry Hughes,OLB,TCU,6-2,255,4.65,34.5,26,118,6.99,4.15
Josh Hull,ILB,Penn State,6-3,237,4.93,32.5,25,115,6.86,4.07
Carl Ihenacho,OLB,San Jose State,6-2,255,4.86,,20,,,
Mike Iupati,OG,Idaho,6-5,331,5.24,27.5,27,92,7.85,4.93
Brian Jackson,CB,Oklahoma,6-1,202,4.65,35.5,20,120,6.76,4.22
Kareem Jackson,CB,Alabama,5-10,196,4.40,37.5,13,118,6.92,4.14
Rashawn Jackson,FB,Virginia,6-1,239,4.75,34.5,,117,,
Brandon James,RB,Florida,5-6,176,4.47,,14,,,
Javarris James,RB,Miami (FL),6-0,212,4.58,36.0,21,115,,
A.J. Jefferson,CB,Fresno State,6-0,193,4.42,44.0,7,126,6.72,4.00
John Jerry,OT,Mississippi,6-5,328,5.15,27.5,,101,7.93,4.69
Micah Johnson,ILB,Kentucky,6-1,258,4.99,29.0,31,,,
Mike Johnson,OG,Alabama,6-5,312,5.37,25.0,,91,8.15,5.01
Stafon Johnson,RB,USC,5-11,214,4.62,35.5,13,118,,
Kyle Jolly,OT,North Carolina,6-6,311,5.36,21.5,20,89,7.89,4.87
Arthur Jones,DT,Syracuse,6-3,301,5.04,,,,,
Donald Jones,WR,Youngstown State,6-0,214,4.46,41.0,20,119,6.90,4.20
Reshad Jones,S,Georgia,6-1,214,4.51,39.5,24,118,7.43,4.54
Chad Jones,S,LSU,6-2,221,4.59,36.0,9,115,6.83,4.14
Linval Joseph,DT,East Carolina,6-4,328,5.09,30.0,39,100,8.12,4.71

Kevin Jurovich,WR,San Jose State,5-11,188,4.45,,14,,,
Mike Kafka,QB,Northwestern,6-3,225,4.93,32.0,,110,6.96,4.37
Sergio Kindle,OLB,Texas,6-3,250,4.65,36.5,25,118,7.26,4.53
Jammie Kirlew,DE,Indiana,6-1,260,5.05,33.0,26,111,7.50,4.74
Matt Kopa,OT,Stanford,6-6,300,5.14,,,,,
Keaton Kristick,OLB,Oregon State,6-3,234,4.70,34.0,16,120,6.96,4.21
Brandon LaFell,WR,LSU,6-2,211,4.58,36.0,,115,6.81,4.23
Brandon Lang,DE,Troy,6-4,266,5.00,28.5,20,104,,4.68
Ted Larsen,C,North Carolina State,6-3,304,5.19,24.0,26,96,7.81,4.66
Shawn Lauvao,OG,Arizona State,6-3,315,5.22,26.5,33,101,7.56,4.51
Simoni Lawrence,OLB,Minnesota,6-0,232,4.59,40.0,21,123,7.30,4.43
Boris Lee,ILB,Troy,6-0,238,4.94,32.5,27,112,,
Sean Lee,ILB,Penn State,6-2,236,4.71,37.5,24,120,,
Dan LeFevour,QB,Central Michigan,6-3,230,4.60,29.5,,110,6.93,4.22
Kendrick Lewis,S,Mississippi,6-0,198,4.73,31.5,16,116,6.88,4.33
Myron Lewis,S,Vanderbilt,6-2,203,4.42,37.0,10,126,,
Thaddeus Lewis,QB,Duke,6-0,215,4.84,28.0,,107,,
Trevard Lindley,CB,Kentucky,5-11,183,4.51,38.5,9,116,6.81,4.27
Scott Long,WR,Louisville,6-2,216,4.46,41.5,20,123,6.45,4.09
Erik Lorig,DE,Stanford,6-3,281,4.86,,,,,
Robert Malone,P,Fresno State,6-2,235,4.84,,19,,,
Darius Marshall,RB,Marshall,5-9,190,4.59,35.5,14,109,,4.39
Jeron Mastrud,TE,Kansas State,6-5,256,4.82,,,,,
Ryan Mathews,RB,Fresno State,6-0,218,4.37,36.0,19,121,7.00,4.33
Sam Maxwell,OLB,Kentucky,6-2,246,4.98,33.0,,108,7.37,4.52
Taylor Mays,S,USC,6-3,230,4.31,41.0,24,125,,
Kyle McCarthy,S,Notre Dame,6-0,205,4.58,34.0,24,117,6.74,4.13
Rolando McClain,ILB,Alabama,6-3,254,4.68,,24,,,
Albert McClellan,ILB,Marshall,6-1,247,4.75,36.5,26,119,7.24,4.21
Dexter McCluster,WR,Mississippi,5-9,172,4.53,37.5,20,118,,4.06
Devin McCourty,CB,Rutgers,5-11,193,4.38,36.0,16,126,6.70,4.07
Anthony McCoy,TE,USC,6-4,259,4.71,35.5,19,113,6.99,4.57
Colt McCoy,QB,Texas,6-1,216,4.79,,,114,,
Gerald McCoy,DT,Oklahoma,6-4,295,5.04,30.5,23,114,7.32,4.48
Chris McGaha,WR,Arizona State,6-1,201,4.52,40.0,19,122,,4.21
Joe McKnight,RB,USC,5-11,198,4.40,36.5,18,120,,
Mike McLaughlin,ILB,Boston Col.,6-0,242,4.84,38.5,29,114,6.85,4.11
Sherrick McManis,CB,Northwestern,5-11,195,4.48,,,,,
Shawnbrey McNeal,RB,SMU,5-9,194,4.53,36.0,14,117,,
Kerry Meier,WR,Kansas,6-2,224,4.62,35.0,13,115,,4.23
Zoltan Mesko,P,Michigan,6-4,240,4.79,,16,,,
Greg Middleton,DE,Indiana,6-3,268,4.96,38.0,,116,7.65,4.69
Lonyae Miller,RB,Fresno State,5-11,221,4.43,36.5,26,120,7.20,4.54
Brandon Minor,RB,Michigan,6-0,214,4.59,,,,,
Koa Misi,OLB,Utah,6-3,251,4.75,38.0,,127,7.07,4.27
Carlton Mitchell,WR,South Florida,6-3,215,4.46,36.0,16,122,6.96,4.55
Earl Mitchell,DT,Arizona,6-2,296,4.75,28.5,25,107,7.68,4.55
Arthur Moats,OLB,James Madison,6-0,246,4.64,36.5,24,122,7.22,4.37
Tony Moeaki,TE,Iowa,6-3,245,4.69,34.0,18,113,7.10,4.42
Joshua Moore,CB,Kansas State,5-11,188,4.50,36.5,2,122,6.74,4.07

Derrick Morgan,DE,Georgia Tech,6-3,266,4.77,34.0,,112,7.12,4.43
Roddrick Muckelroy,OLB,Texas,6-2,246,4.68,31.0,19,110,7.25,4.39
Aleric Mullins,DT,North Carolina,6-1,321,4.95,,,,,
Jerome Murphy,CB,South Florida,6-0,196,4.50,38.0,16,127,6.87,4.05
Mike Neal,DT,Purdue,6-3,294,4.87,33.0,31,113,7.53,4.53
Marshall Newhouse,OG,TCU,6-4,319,4.99,25.0,25,97,7.40,4.60
Eric Norwood,OLB,South Carolina,6-1,245,4.71,36.5,,115,7.08,4.23
Jared Odrick,DT,Penn State,6-5,304,5.03,29.0,26,106,7.22,4.59
Vince Oghobaase,DT,Duke,6-5,303,5.46,26.0,27,90,7.84,
Russell Okung,OT,Oklahoma State,6-5,307,5.18,,38,,,
Eric Olsen,C,Notre Dame,6-4,306,5.25,29.5,35,93,7.50,4.82
Jeff Owens,DT,Georgia,6-1,304,4.97,30.0,44,101,,4.68
Akwasi Owusu-Ansah,CB,Indiana (PA),6-0,207,4.32,35.5,,120,6.84,4.32
Preston Parker,WR,Florida State,5-11,199,4.59,35.0,16,117,,4.16
Alex Parsons,OG,USC,6-4,309,5.12,27.0,23,99,,
Pat Paschall,RB,North Dakota State,6-0,209,4.65,38.5,15,118,7.02,4.33
Colin Peek,TE,Alabama,6-5,254,4.93,,19,,,
Cole Pemberton,OT,Colorado State,6-7,315,5.37,22.5,18,96,7.65,4.77
David Pender,CB,Purdue,6-0,180,4.37,39.0,8,124,,
Jared Perry,WR,Missouri,6-1,178,4.51,33.5,11,121,6.75,4.39
Corey Peters,DT,Kentucky,6-3,300,4.98,33.0,,98,7.56,4.76
Mitch Petrus,OG,Arkansas,6-3,310,5.34,,45,,,
Aaron Pettrey,K,Ohio State,6-1,202,4.94,,,,,
Jason Pierre-Paul,DE,South Florida,6-5,270,4.71,30.5,19,115,7.18,4.67
Tony Pike,QB,Cincinnati,6-6,223,4.90,28.5,,108,7.06,4.53
Josh Pinkard,S,USC,6-1,214,4.58,,,,,
Dennis Pitta,TE,BYU,6-4,245,4.68,34.0,27,113,6.72,4.17
Nick Polk,S,Indiana,5-11,211,4.55,38.0,14,121,,
Maurkice Pouncey,C,Florida,6-4,304,5.25,,,95,7.74,4.92
Brian Price,DT,UCLA,6-1,303,5.12,28.5,34,96,,
Taylor Price,WR,Ohio,6-0,204,4.40,37.0,16,114,6.82,4.34
Andrew Quarless,TE,Penn State,6-4,254,4.68,32.0,23,112,,
Scott Ravanesi,P,Southern Illinois,6-0,191,4.85,,,,,
David Reed,WR,Utah,6-0,191,4.56,37.0,15,114,6.95,4.38
Dace Richardson,OG,Iowa,6-5,320,5.76,23.5,19,87,8.58,5.38
Perry Riley,OLB,LSU,6-1,239,4.69,35.5,,119,6.97,4.25
Andre Roberts,WR,Citadel,5-11,195,4.40,36.0,15,120,6.77,4.15
Patrick Robinson,CB,Florida State,5-11,190,4.46,39.0,15,122,6.78,
Zac Robinson,QB,Oklahoma State,6-2,214,4.68,35.0,,110,7.24,4.40
Dennis Rogan,S,Tennessee,5-9,185,4.73,38.0,,118,,4.10
Myron Rolle,S,Florida State,6-2,215,4.59,36.0,21,124,6.94,4.15
Devin Ross,CB,Arizona,5-10,183,4.64,40.0,16,119,7.07,
Jay Ross,DT,East Carolina,6-3,313,5.10,32.0,30,100,7.83,4.64
Rodger Saffold,OT,Indiana,6-5,316,5.21,29.5,27,113,7.42,4.67
Emmanuel Sanders,WR,SMU,5-11,186,4.40,39.5,12,126,6.64,4.10
Ricky Sapp,OLB,Clemson,6-4,252,4.65,34.0,23,114,7.29,4.41
O'Brien Schofield,OLB,Wisconsin,6-2,221,4.63,,,,,
Charles Scott,RB,LSU,5-11,238,4.68,30.5,,111,6.98,4.47
Chris Scott,OG,Tennessee,6-5,319,5.52,22.5,19,90,8.24,5.03
George Selvie,DE,South Florida,6-4,252,4.93,30.5,24,109,7.48,4.63

Darryl Sharpton,ILB,Miami (FL),5-11,236,4.81,,24,,7.19,4.42
Cameron Sheffield,OLB,Troy,6-2,257,4.92,33.0,,115,7.23,4.53
Malcolm Sheppard,DT,Arkansas,6-2,285,5.11,28.0,19,100,7.81,4.78
Jordan Shipley,WR,Texas,5-11,193,4.60,36.5,16,116,,
John Skelton,QB,Fordham,6-5,243,4.85,33.5,,108,7.17,4.33
Riley Skinner,QB,Wake Forest,6-0,214,5.05,30.0,,101,7.04,4.29
D'Anthony Smith,DT,Louisiana Tech,6-2,304,5.01,,,,,
Shelley Smith,OG,Colorado State,6-3,300,5.03,34.0,26,112,7.67,4.71
Jevan Snead,QB,Mississippi,6-3,219,5.04,33.0,,106,7.08,4.33
Amari Spievey,CB,Iowa,5-11,195,4.52,35.0,,116,,
Brandon Spikes,ILB,Florida,6-3,249,5.05,29.0,,111,6.97,
C.J. Spiller,RB,Clemson,5-11,196,4.37,,18,,,
James Starks,RB,Buffalo,6-2,218,4.50,36.0,15,119,6.89,4.23
Darian Stewart,S,South Carolina,5-11,213,4.53,37.0,12,122,,4.32
Darrell Stuckey,S,Kansas,5-11,205,4.46,39.5,17,120,,
Ndamukong Suh,DT,Nebraska,6-4,307,5.03,35.5,32,105,7.21,4.44
Brett Swenson,K,Michigan State,5-8,178,,,12,,,
Stevenson Sylvester,OLB,Utah,6-2,231,4.71,,23,,,
Ben Tate,RB,Auburn,5-11,220,4.34,40.5,26,124,6.91,4.12
Golden Tate,WR,Notre Dame,5-10,199,4.42,35.0,17,120,7.12,4.34
Daniel Te'o-Nesheim,DE,Washington,6-3,263,4.73,37.0,29,121,6.91,4.18
Tim Tebow,QB,Florida,6-3,236,4.71,38.5,,115,6.66,4.17
Matt Tennant,C,Boston Col.,6-5,300,5.15,25.0,27,98,7.60,4.62
Mike Tepper,OG,California,6-5,324,5.31,26.5,28,94,7.95,5.25
Cam Thomas,DT,North Carolina,6-4,330,5.16,29.0,31,102,7.68,4.78
Demaryius Thomas,WR,Georgia Tech,6-3,224,4.52,,,,,
Earl Thomas,CB,Texas,5-10,208,4.43,,21,113,,
Kevin Thomas,CB,USC,6-0,192,4.41,34.5,19,126,6.82,4.18
Syd'Quan Thompson,CB,California,5-9,186,4.75,33.0,,117,6.73,4.26
Walter Thurmond,CB,Oregon,5-11,189,4.53,,,,,
Leigh Tiffin,K,Alabama,6-1,209,,,,,,
Manase Tonga,FB,BYU,5-11,245,4.84,32.0,19,105,7.44,4.69
Keith Toston,RB,Oklahoma State,6-0,213,4.66,32.0,22,110,,4.67
Adrian Tracy,OLB,William & Mary,6-3,248,4.76,35.5,20,110,7.08,4.34
Nate Triplett,OLB,Minnesota,6-3,250,4.70,33.0,20,115,7.02,4.37
Torell Troup,DT,Central Florida,6-3,314,5.12,29.0,34,98,7.61,4.73
Verran Tucker,WR,California,6-2,200,4.65,,,,,
Adam Ulatoski,OG,Texas,6-5,300,5.52,26.0,24,94,7.98,4.99
Jared Veldheer,OT,Hillsdale,6-8,312,5.06,33.5,32,109,7.40,4.51
Alterraun Verner,CB,UCLA,5-10,189,4.52,32.0,11,116,6.70,4.12
Stephan Virgil,CB,Virginia Tech,5-11,183,4.69,34.0,12,113,7.11,4.35
Jamar Wall,CB,Texas Tech,5-10,204,4.52,,15,,,
J.D. Walton,C,Baylor,6-3,300,5.19,27.0,24,101,7.60,4.69
Ed Wang,OT,Virginia Tech,6-5,314,5.18,27.0,29,96,,4.70
T.J. Ward,S,Oregon,5-10,211,4.56,34.0,19,121,,
Donovan Warren,S,Michigan,5-11,193,4.62,,12,113,,
Lorenzo Washington,DT,Alabama,6-4,291,5.21,30.0,25,107,7.40,4.68
Daryl Washington,OLB,TCU,6-2,230,4.58,31.0,17,114,,
Tony Washington,OT,Appalachian State,6-6,311,5.25,29.5,33,114,7.52,4.84
Dekoda Watson,OLB,Florida State,6-1,240,4.55,40.0,24,134,7.06,4.11

Sean Weatherspoon,OLB,Missouri,6-1,239,4.62,40.0,34,123,6.99,4.38
Thomas Welch,OT,Vanderbilt,6-6,307,5.42,29.0,29,105,7.67,4.80
Chastin West,WR,Fresno State,6-0,212,4.59,33.5,15,113,,
Blair White,WR,Michigan State,6-2,209,4.49,33.5,18,115,6.69,4.03
Jeremy Williams,WR,Tulane,6-0,206,4.59,36.0,14,117,6.73,
Damian Williams,WR,USC,6-1,197,4.52,38.0,19,118,6.79,4.24
Dan Williams,DT,Tennessee,6-2,327,5.19,32.0,27,96,7.88,4.87
Keiland Williams,RB,LSU,5-11,233,4.52,,,,,
Kyle Williams,WR,Arizona State,5-10,188,4.40,33.0,11,118,7.00,4.19
Mike Williams,WR,Syracuse,6-1,221,4.53,33.5,8,116,6.90,4.31
Stephen Williams,WR,Toledo,6-4,210,4.50,36.5,15,125,6.81,4.11
Trent Williams,OT,Oklahoma,6-5,315,4.81,34.5,23,113,7.64,4.63
C.J. Wilson,DE,East Carolina,6-3,290,4.83,33.0,32,116,,4.77
E.J. Wilson,DE,North Carolina,6-2,286,4.97,29.5,23,,,
Kion Wilson,ILB,South Florida,6-0,239,4.87,36.5,27,123,,4.53
Kyle Wilson,CB,Boise State,5-10,194,4.43,,25,,,
Lindsey Witten,DE,Connecticut,6-4,250,4.70,36.5,23,115,7.32,4.62
Ryan Wolfe,WR,UNLV,6-1,205,4.65,,13,,,
Justin Woodall,S,Alabama,6-1,223,4.64,34.0,13,118,6.88,4.17
Al Woods,DT,LSU,6-4,309,5.15,37.0,,109,7.45,4.67
Corey Wootton,DE,Northwestern,6-6,270,4.92,,20,,,
Jason Worilds,OLB,Virginia Tech,6-1,254,4.65,38.0,24,114,6.95,4.29
Doug Worthington,DT,Ohio State,6-5,292,5.02,,19,,,
Major Wright,S,Florida,5-11,206,4.44,37.5,14,119,6.95,4.36
Sam Young,OT,Notre Dame,6-8,316,5.20,29.5,29,104,7.73,4.87
Willie Young,DE,North Carolina State,6-5,251,4.88,38.0,25,118,7.24,4.56
