Player,Pos,School,Ht,Wt,40yd,Vertical,Bench,Broad Jump,3Cone,Shuttle
Mehdi Abdesmad,DE,Boston Col.,6-6,284,5.10,29.5,25,108,7.55,4.62
Vernon Adams,QB,Oregon,5-11,200,4.83,29.5,,114,6.82,4.20
Jerell Adams,TE,South Carolina,6-5,247,4.64,32.5,,117,7.05,4.31
Bralon Addison,WR,Oregon,5-9,197,4.66,34.5,13,116,6.95,4.14
Roberto Aguayo,K,Florida State,6-0,207,4.96,,,,,
Dominique Alexander,ILB,Oklahoma,6-0,232,4.64,28.5,17,104,,
Mackensie Alexander,CB,Clemson,5-10,190,4.43,,11,,,
Vadal Alexander,OT,LSU,6-5,326,5.57,24.0,25,95,8.04,4.90
Brandon Allen,QB,Arkansas,6-1,217,4.84,28.0,,110,7.06,4.33
Jack Allen,C,Michigan State,6-1,294,5.29,26.5,23,101,7.90,4.73
Geronimo Allison,WR,Illinois,6-3,196,4.67,33.0,,127,7.40,4.28
Stephen Anderson,TE,California,6-2,230,4.59,38.0,16,119,,
Eli Apple,CB,Ohio State,6-1,199,4.40,,13,,,
Demarcus Ayers,WR,Houston,5-9,182,4.72,33.0,,123,,
Sterling Bailey,DE,Georgia,6-4,285,5.23,30.0,20,111,7.46,4.73
Peyton Barber,RB,Auburn,5-10,228,4.64,32.5,20,111,7.00,4.21
Jimmy Bean,DE,Oklahoma State,6-5,264,4.87,,20,,,
Willie Beavers,OT,West. Michigan,6-5,321,5.28,25.5,20,103,7.96,4.71
Vonn Bell,S,Ohio State,5-11,199,4.52,,16,,,
Caleb Benenoch,OT,UCLA,6-5,311,4.98,28.0,,104,8.15,5.11
Andrew Billings,DT,Baylor,6-1,311,5.05,27.5,31,113,8.05,4.82
Ronald Blair,DE,Appalachian State,6-2,284,5.15,30.0,32,113,7.95,4.53
Austin Blythe,C,Iowa,6-2,298,5.36,27.5,29,99,7.52,4.53
Briean Boddy-Calhoun,CB,Minnesota,5-9,193,4.47,35.0,10,123,7.16,4.22
Evan Boehm,C,Missouri,6-2,302,5.33,28.5,24,96,7.52,4.69
Devante Bond,OLB,Oklahoma,6-1,235,4.70,37.5,21,121,7.07,4.36
Devontae Booker,RB,Utah,5-11,219,4.56,,22,,,
Joey Bosa,DE,Ohio State,6-5,269,4.86,32.0,24,120,6.89,4.21
Tyler Boyd,WR,Pittsburgh,6-1,197,4.58,34.0,11,119,6.90,4.35
Trevone Boykin,QB,TCU,6-0,212,4.77,32.0,,110,,4.40
James Bradberry,CB,Samford,6-1,211,4.50,36.0,16,124,6.91,4.21
Ben Braunecker,TE,Harvard,6-3,250,4.73,35.5,20,121,6.90,4.20
Jake Brendel,C,UCLA,6-3,303,5.01,28.0,25,108,7.31,4.27
Jacoby Brissett,QB,North Carolina State,6-4,231,4.94,31.0,,113,7.17,4.53
Kentrell Brothers,OLB,Missouri,6-0,245,4.89,28.5,19,110,6.99,4.11
Anthony Brown,CB,Purdue,5-11,192,4.33,35.0,19,115,7.03,4.19
Beniquez Brown,OLB,Mississippi State,6-1,229,4.77,31.0,18,110,7.07,4.28
Chris Brown,WR,Notre Dame,6-2,194,4.48,,,,,
Lamarcus Brutus,S,Florida State,6-0,206,4.76,33.0,14,114,7.08,4.33
Deforest Buckner,DE,Oregon,6-7,291,5.05,32.0,,116,7.51,4.47
Jonathan Bullard,DE,Florida,6-3,285,4.93,32.0,23,116,7.31,4.56
Aaron Burbridge,WR,Michigan State,6-0,206,4.56,30.5,20,115,7.22,4.31
Artie Burns,CB,Miami (FL),6-0,193,4.46,31.5,,,,
Juston Burris,CB,North Carolina State,6-0,212,4.53,36.5,19,122,7.10,4.40
Deon Bush,S,Miami (FL),6-0,199,4.64,36.0,17,123,,
Vernon Butler,DT,Louisiana Tech,6-4,323,5.33,29.5,26,104,7.82,4.76
Devon Cajuste,WR,Stanford,6-4,234,4.62,36.0,12,123,6.49,4.20
Shilique Calhoun,DE,Michigan State,6-4,251,4.82,35.0,23,115,6.97,4.25
Taveze Calhoun,CB,Mississippi State,6-0,192,4.58,33.5,14,,,
De'Vondre Campbell,OLB,Minnesota,6-4,232,4.58,34.0,16,116,,

Maurice Canady,CB,Virginia,6-1,193,4.49,38.0,16,124,7.03,4.09
Leonte Carroo,WR,Rutgers,6-0,211,4.50,35.5,14,120,,
Tra Carson,RB,Texas A&M,5-11,227,4.63,,19,,,
Tevin Carter,S,Utah,6-1,218,4.48,,19,,,
Jeremy Cash,S,Duke,6-0,212,4.56,,,,,
Joseph Cheek,OG,Texas A&M,6-6,295,5.27,,20,,,
Kenny Clark,DT,UCLA,6-3,314,5.06,28.5,29,102,,4.62
Le'Raven Clark,OT,Texas Tech,6-5,316,5.16,,18,,,
Corey Coleman,WR,Baylor,5-11,194,4.42,40.5,17,129,,
Shon Coleman,OT,Auburn,6-5,307,5.18,,22,,,
Alex Collins,RB,Arkansas,5-10,217,4.59,28.5,18,113,,
Maliek Collins,DT,Nebraska,6-2,311,5.03,29.5,25,109,7.53,4.52
Jack Conklin,OT,Michigan State,6-6,308,5.00,30.0,25,103,7.63,4.57
Connor Cook,QB,Michigan State,6-4,217,4.79,33.0,,113,7.21,4.28
Fahn Cooper,OT,Mississippi,6-4,303,5.17,25.0,19,102,7.85,4.89
Pharoh Cooper,WR,South Carolina,5-11,203,4.52,31.0,15,115,,
Marshaun Coprich,RB,Illinois State,5-8,207,4.47,34.0,17,112,7.26,4.58
Cody Core,WR,Mississippi,6-3,205,4.47,31.5,14,119,,
Kamalei Correa,DE,Boise State,6-3,243,4.69,33.0,21,108,,
James Cowser,DE,Southern Utah,6-3,248,4.82,31.5,21,111,6.80,4.31
Brad Craddock,K,Maryland,6-0,186,4.88,,,,,
Su'A Cravens,OLB,USC,6-1,226,4.58,27.0,16,114,,
Ken Crawley,CB,Colorado,6-0,187,4.43,36.5,,119,,
Joe Dahl,OT,Washington State,6-4,304,5.18,31.0,28,109,7.64,4.77
Steven Daniels,ILB,Boston Col.,5-11,243,4.86,32.0,16,112,7.33,4.54
Sean Davis,CB,Maryland,6-1,201,4.46,37.5,21,126,6.64,3.97
Trevor Davis,WR,California,6-1,188,4.42,38.5,11,124,6.60,4.22
Sheldon Day,DT,Notre Dame,6-1,293,5.07,30.0,21,102,7.44,4.50
Taylor Decker,OT,Ohio State,6-7,310,5.23,29.0,20,101,7.70,4.76
KJ Dillon,S,West Virginia,6-0,210,4.53,,11,121,,
Kenneth Dixon,RB,Louisiana Tech,5-10,215,4.56,37.5,18,121,6.97,4.28
Riley Dixon,P,Syracuse,6-4,221,5.04,,,,,
Josh Doctson,WR,TCU,6-2,202,4.50,41.0,14,131,6.84,4.08
Kevin Dodd,DE,Clemson,6-5,277,4.86,,,,,
Brandon Doughty,QB,Western Kentucky,6-3,213,5.22,27.0,,103,7.49,4.52
Kenyan Drake,RB,Alabama,6-1,210,4.45,34.5,10,123,7.04,4.21
Spencer Drango,OT,Baylor,6-6,315,5.27,27.0,30,100,7.88,4.66
Jeff Driskel,QB,Louisiana Tech,6-4,234,4.56,32.0,,122,7.19,4.25
Thomas Duarte,TE,UCLA,6-2,231,4.72,33.5,12,118,6.97,4.24
Lachlan Edwards,P,Sam Houston State,6-4,209,4.98,,,,,
Parker Ehinger,OT,Cincinnati,6-6,310,5.26,27.5,,97,,
Deandre Elliott,CB,Colorado State,6-1,188,4.55,41.0,,125,6.93,3.94
Ezekiel Elliott,RB,Ohio State,6-0,225,4.47,32.5,,118,,
Tyler Ervin,RB,San Jose State,5-10,192,4.41,39.0,17,130,,
Kyler Fackrell,OLB,Utah State,6-5,245,4.72,34.5,15,121,,
Ka'Imi Fairbairn,K,UCLA,5-11,183,4.96,,,,,
Jason Fanaika,DE,Utah,6-2,271,4.92,35.5,23,113,7.06,4.39
Travis Feeney,OLB,Washington,6-4,230,4.50,40.0,,130,7.20,4.42
Josh Ferguson,RB,Illinois,5-9,198,4.48,34.5,21,120,,
Leonard Floyd,OLB,Georgia,6-6,244,4.60,39.5,,127,,

Josh Forrest,ILB,Kentucky,6-3,249,4.91,30.5,11,118,,
D.J. Foster,WR,Arizona State,5-10,193,4.57,35.5,14,117,6.75,4.07
Kavon Frazier,S,Central Michigan,6-0,217,4.53,,18,,,
Kris Frost,OLB,Auburn,6-2,240,4.97,29.0,,113,,
Kendall Fuller,CB,Virginia Tech,5-11,187,4.48,,15,,,
Will Fuller,WR,Notre Dame,6-0,186,4.32,33.5,10,126,6.93,4.27
Joshua Garnett,OG,Stanford,6-4,312,5.32,29.0,30,99,7.62,4.64
Keyarris Garrett,WR,Tulsa,6-3,220,4.53,36.5,14,128,7.30,4.33
Graham Glasgow,C,Michigan,6-6,307,5.13,25.0,23,106,7.63,4.63
Jared Goff,QB,California,6-4,215,4.82,27.0,,110,7.17,4.47
B.J. Goodson,OLB,Clemson,6-1,242,4.69,34.5,30,118,7.05,4.51
Adam Gotsis,DT,Georgia Tech,6-4,287,4.88,,,,,
T.J. Green,S,Clemson,6-2,209,4.34,35.5,13,129,,
Darrell Greene,OG,San Diego State,6-3,321,5.20,21.5,28,98,8.07,4.98
David Grinnage,TE,North Carolina State,6-5,248,4.90,29.5,,106,,
Glenn Gronkowski,FB,Kansas State,6-2,239,4.71,33.0,17,120,7.10,4.45
Christian Hackenberg,QB,Penn State,6-4,223,4.78,31.0,,114,7.04,4.33
Tom Hackett,P,Utah,5-10,198,4.86,,,,,
Joe Haeg,OT,North Dakota State,6-6,304,5.16,27.5,,111,7.47,4.47
Deiondre Hall,CB,Northern Iowa,6-2,199,4.68,37.0,,127,7.07,4.06
Javon Hargrave,DT,South Carolina State,6-1,309,4.93,34.5,29,109,7.90,4.70
De'Vante Harris,CB,Texas A&M,5-11,176,4.56,38.5,,124,6.82,4.06
Jerald Hawkins,OT,LSU,6-6,305,5.23,23.5,23,100,8.19,4.89
Joel Heath,DT,Michigan State,6-5,293,5.02,33.0,26,113,7.44,4.52
Temarrick Hemingway,TE,South Carolina State,6-5,244,4.71,30.5,18,115,6.88,4.31
Derrick Henry,RB,Alabama,6-3,247,4.54,37.0,22,130,7.20,4.38
Hunter Henry,TE,Arkansas,6-5,250,4.79,,13,,,
Willie Henry,DT,Michigan,6-3,303,5.00,30.5,28,110,7.57,4.53
Quayvon Hicks,FB,Georgia,6-1,259,4.82,,,,,
Tyler Higbee,TE,Western Kentucky,6-6,249,4.77,,,,,
Rashard Higgins,WR,Colorado State,6-1,196,4.64,32.0,13,116,,
Kevin Hogan,QB,Stanford,6-3,218,4.78,32.5,,113,6.90,4.31
Johnny Holton,WR,Cincinnati,6-1,190,4.54,31.5,8,123,,
Austin Hooper,TE,Stanford,6-4,254,4.72,33.0,19,117,7.00,4.32
Deandre Houston-Carson,S,William & Mary,6-1,201,4.54,32.5,13,115,7.15,4.28
Jordan Howard,RB,Indiana,6-0,230,4.57,34.0,16,122,,
Xavien Howard,CB,Baylor,6-0,201,4.58,33.0,11,122,7.18,4.15
Germain Ifedi,OT,Texas A&M,6-6,324,5.27,32.5,24,109,,4.75
Cleveland Wallace III,CB,San Jose State,5-11,188,4.68,35.5,,123,,
Vernon Hargreaves III,CB,Florida,5-10,204,4.50,39.0,15,130,,3.98
William Jackson III,CB,Houston,6-0,189,4.37,,10,116,,
Scooby Wright III,ILB,Arizona,6-0,239,4.90,31.0,22,113,,4.47
Matt Ioannidis,DT,Temple,6-3,299,5.03,28.0,32,108,7.78,4.71
Myles Jack,OLB,UCLA,6-1,245,4.56,,19,,,
Branden Jackson,DE,Texas Tech,6-4,273,5.06,31.5,20,113,7.40,4.77
Dominick Jackson,OT,Alabama,6-5,313,5.38,26.0,20,97,,
Andy Janovich,FB,Nebraska,6-1,238,4.81,34.0,30,119,7.28,4.32
Quinton Jefferson,DT,Maryland,6-4,291,4.95,29.0,24,,7.95,4.37
Jordan Jenkins,OLB,Georgia,6-3,259,4.80,36.5,16,121,,
Austin Johnson,DT,Penn State,6-4,314,5.32,26.0,25,96,7.84,4.75

C.J. Johnson,ILB,Mississippi,6-1,234,4.81,,,,,4.52
Devon Johnson,RB,Marshall,6-0,238,4.64,,,,,
Tyler Johnstone,OT,Oregon,6-5,301,5.21,30.5,24,104,7.31,4.60
Cardale Jones,QB,Ohio State,6-5,253,4.81,36.0,,,,
Cayleb Jones,WR,Arizona,6-3,209,4.65,33.5,9,,6.99,4.14
Chris Jones,DT,Mississippi State,6-6,310,5.03,24.5,26,106,7.44,4.62
Cyrus Jones,CB,Alabama,5-10,197,4.49,33.0,10,116,6.71,4.21
Deion Jones,OLB,LSU,6-1,222,4.59,33.0,,120,,
Jonathan Jones,CB,Auburn,5-9,186,4.33,36.0,19,123,7.25,4.25
Karl Joseph,S,West Virginia,5-10,205,4.57,,,,,
Matt Judon,DE,Grand Valley State,6-3,275,4.73,35.0,30,109,7.67,4.52
Ufomba Kamalu,DE,Miami (FL),6-5,295,5.01,25.0,26,106,7.32,4.58
Drew Kaser,P,Texas A&M,6-2,212,4.95,,,,,
Nila Kasitati,OG,Oklahoma,6-3,317,5.32,27.5,12,107,8.30,4.83
Bronson Kaufusi,DE,BYU,6-6,285,4.87,30.0,25,111,7.03,4.25
Jayron Kearse,S,Clemson,6-4,216,4.62,31.5,16,124,7.06,
Ryan Kelly,C,Alabama,6-4,311,5.03,30.0,26,103,7.58,4.59
Cody Kessler,QB,USC,6-1,220,4.89,29.5,,104,7.32,4.00
Miles Killebrew,S,Southern Utah,6-2,217,4.65,38.0,22,127,6.93,4.18
Derrick Kindred,S,TCU,5-10,207,4.50,37.5,,123,7.05,4.29
Raphael Kirby,ILB,Miami (FL),6-0,236,4.72,,27,,,
Denver Kirkland,OT,Arkansas,6-4,335,5.55,22.5,19,94,8.72,5.06
Marshall Koehn,K,Iowa,6-1,197,4.61,,,,,
Nick Kwiatkoski,ILB,West Virginia,6-2,243,4.73,32.0,19,120,7.16,4.22
Jimmy Landes,LS,Baylor,6-1,240,4.95,27.5,,110,7.05,4.38
Daniel Lasco,RB,California,6-0,209,4.46,41.5,23,135,7.22,4.26
Darius Latham,DT,Indiana,6-4,311,5.32,29.0,,100,7.76,4.63
Kenny Lawler,WR,California,6-2,203,4.64,31.0,,111,7.13,4.20
Nile Lawrence-Stample,DL,Florida State,6-1,320,5.24,,,,,
Shaq Lawson,DE,Clemson,6-3,269,4.70,33.0,,120,7.16,4.21
Darron Lee,OLB,Ohio State,6-1,232,4.47,35.5,17,133,7.12,4.20
Alex Lewis,OT,Nebraska,6-6,312,5.22,29.5,27,100,7.94,4.72
Roger Lewis,WR,Bowling Green,6-0,201,4.57,33.5,8,116,,
Kolby Listenbee,WR,TCU,6-0,197,4.39,35.5,15,129,,
Cory Littleton,OLB,Washington,6-3,238,4.73,29.5,,114,7.11,4.32
Jordan Lomax,S,Iowa,5-10,202,4.75,36.0,8,120,7.18,4.15
Steve Longa,ILB,Rutgers,6-1,241,4.78,32.0,19,116,7.50,4.56
Ricardo Louis,WR,Auburn,6-2,215,4.43,38.0,18,132,,
Dean Lowry,DE,Northwestern,6-6,296,4.87,32.5,30,114,7.26,4.38
Jordan Lucas,S,Penn State,6-0,201,4.54,,,,,
John Lunsford,K,Liberty,6-1,214,4.74,,,,,
Paxton Lynch,QB,Memphis,6-7,244,4.86,36.0,,118,7.14,4.26
Tre Madden,RB,USC,6-0,223,4.53,,24,,,
Luther Maddy,DT,Virginia Tech,6-0,287,4.96,,29,,,
Curt Maggitt,OLB,Tennessee,6-3,247,4.73,,,,,
Ryan Malleck,TE,Virginia Tech,6-4,247,4.77,34.5,18,121,7.00,4.33
Byron Marshall,WR,Oregon,5-9,201,4.42,,17,,,
Jalin Marshall,WR,Ohio State,5-10,200,4.60,37.5,16,125,6.80,4.13
Keith Marshall,RB,Georgia,5-11,219,4.31,30.5,25,,,
Nick Martin,C,Notre Dame,6-4,299,5.22,28.0,28,97,7.57,4.72

Blake Martinez,ILB,Stanford,6-2,237,4.71,28.5,22,113,6.98,4.20
Tyler Marz,OT,Wisconsin,6-7,316,5.54,27.5,19,99,8.38,4.97
Tyler Matakevich,OLB,Temple,6-0,238,4.81,31.0,22,112,7.19,4.50
Chris Mayes,DL,Georgia,6-3,338,5.34,23.5,33,104,,5.13
Alex McCalister,DE,Florida,6-6,239,4.80,34.5,,128,7.01,4.00
Jake McGee,TE,Florida,6-5,250,4.83,,17,,,
Connor McGovern,OG,Missouri,6-4,306,5.11,33.0,33,109,7.50,4.65
Mekale McKay,WR,Cincinnati,6-4,207,4.55,35.0,12,123,7.08,4.63
Cassanova McKinzy,ILB,Auburn,6-1,248,4.83,,21,,,
Braxton Miller,WR,Ohio State,6-1,201,4.50,35.0,17,123,6.65,4.07
Harlan Miller,CB,SE Louisiana,6-0,182,4.65,35.5,6,118,7.44,4.43
Jalen Mills,S,LSU,6-0,191,4.61,37.0,16,123,6.86,4.00
Malcolm Mitchell,WR,Georgia,6-0,198,4.45,36.0,15,129,6.94,4.34
Will Monday,P,Duke,6-4,212,5.10,,,,,
Chris Moore,WR,Cincinnati,6-1,206,4.53,37.0,10,130,6.76,4.20
David Morgan,TE,Texas-San Antonio,6-4,262,,,,,,
Antonio Morrison,ILB,Florida,6-1,232,4.76,,,,,
Kyle Murphy,OT,Stanford,6-6,305,5.19,,23,,,
Eric Murray,CB,Minnesota,5-11,199,4.49,39.5,15,124,7.08,4.05
Carl Nassib,DE,Penn State,6-7,277,4.84,28.5,21,114,7.27,4.37
Keanu Neal,S,Florida,6-0,211,4.62,38.0,17,132,7.09,4.38
Stephane Nembot,OT,Colorado,6-7,322,5.39,26.5,32,103,8.55,5.15
Giorgio Newberry,DE,Florida State,6-5,285,4.94,30.0,20,114,7.53,4.78
Yannick Ngakoue,DE,Maryland,6-2,252,4.75,34.5,26,118,7.35,4.50
Dadi Nicolas,DE,Virginia Tech,6-3,235,4.74,41.0,14,116,7.04,4.38
Robert Nkemdiche,DT,Mississippi,6-3,294,4.87,35.0,28,116,,
Jared Norris,ILB,Utah,6-1,241,4.80,29.5,19,114,,4.52
Marquez North,WR,Tennessee,6-2,223,4.48,35.0,17,123,6.90,4.13
Nick O'Toole,P,West Virginia,6-3,219,5.05,,,,,
Shawn Oakman,DE,Baylor,6-8,287,4.96,32.0,23,123,7.53,4.56
Jaden Oberkrom,K,TCU,6-2,186,4.96,,,,,
Victor Ochi,DE,Stony Brook,6-1,246,4.86,32.0,,119,7.24,4.40
Rees Odhiambo,OT,Boise State,6-4,314,5.17,,23,,,
Emmanuel Ogbah,DE,Oklahoma State,6-4,273,4.63,35.5,20,121,7.26,4.50
Romeo Okwara,DE,Notre Dame,6-5,265,4.90,33.0,23,120,7.38,4.53
Drew Ott,DE,Iowa,6-4,273,4.88,,,,,
Montese Overton,OLB,East Carolina,6-2,223,4.61,34.0,18,123,7.15,4.47
Gionni Paul,ILB,Utah,5-10,231,5.05,31.0,22,113,,
Jordan Payton,WR,UCLA,6-1,207,4.47,34.5,,121,7.08,4.33
Charone Peake,WR,Clemson,6-2,209,4.45,35.5,12,122,6.96,4.46
Paul Perkins,RB,UCLA,5-10,208,4.54,32.0,19,124,,
Joshua Perry,ILB,Ohio State,6-4,254,4.68,33.5,20,124,,
Kevin Peterson,CB,Oklahoma State,5-10,181,4.58,35.5,14,121,6.94,4.31
D.J. Pettway,DE,Alabama,6-2,265,4.99,28.0,17,108,7.74,4.69
Tyvis Powell,S,Ohio State,6-3,211,4.46,34.5,15,120,7.03,4.25
Dak Prescott,QB,Mississippi State,6-2,226,4.79,32.5,,116,7.11,4.32
C.J. Prosise,RB,Notre Dame,6-0,220,4.48,35.5,,121,,
Jimmy Pruitt,CB,San Jose State,6-0,198,4.73,32.0,19,117,,
Reggie Ragland,ILB,Alabama,6-1,247,4.72,31.5,,116,,4.28
Jalen Ramsey,CB,Florida State,6-1,209,4.41,41.5,14,135,6.94,4.18

Sheldon Rankins,DT,Louisville,6-1,299,5.03,34.5,28,118,7.44,4.59
D.J. Reader,DT,Clemson,6-3,327,5.33,29.5,30,99,7.90,4.71
Alex Redmond,OG,UCLA,6-5,294,5.30,28.0,30,111,7.75,4.90
Will Redmond,CB,Mississippi State,5-11,182,4.45,,,,,
Jarran Reed,DT,Alabama,6-3,307,5.21,31.0,,104,7.77,4.75
Hassan Ridgeway,DT,Texas,6-3,303,5.02,32.0,24,113,8.28,4.82
Dominique Robertson,OT,West Georgia,6-5,324,5.36,28.5,30,100,8.42,4.83
A'Shawn Robinson,DT,Alabama,6-4,307,5.20,26.0,22,106,7.80,4.74
Demarcus Robinson,WR,Florida,6-1,203,4.59,34.5,,123,6.77,4.19
Rashard Robinson,CB,Louisiana St,6-1,171,4.49,35.5,,121,,
Alonzo Russell,WR,Toledo,6-4,206,4.54,29.5,12,112,7.18,4.33
Keivarae Russell,CB,Notre Dame,5-11,192,4.49,,17,,,
Zack Sanchez,CB,Oklahoma,5-11,185,4.50,35.5,19,116,,
Beau Sandland,TE,Montana State,6-4,253,4.74,35.0,23,124,7.10,4.33
Joe Schobert,OLB,Wisconsin,6-1,244,4.76,33.5,22,111,7.11,4.30
Rashawn Scott,WR,Miami (FL),6-1,199,4.54,32.5,17,116,,
Isaac Seumalo,OG,Oregon State,6-4,303,5.19,26.0,,105,7.40,4.52
Kevon Seymour,CB,USC,5-11,186,4.39,35.0,12,124,,4.18
Hunter Sharp,WR,Utah State,5-11,198,4.58,32.5,12,116,7.12,4.19
Tajae Sharpe,WR,Massachusetts,6-2,194,4.55,33.5,11,114,,
Brandon Shell,OT,South Carolina,6-5,324,5.22,30.5,22,112,,
Sterling Shepard,WR,Oklahoma,5-10,194,4.48,41.0,20,123,7.00,4.35
Elijah Shumate,S,Notre Dame,6-0,216,4.58,33.0,18,119,,4.51
Devaunte Sigler,DT,Jacksonville State,6-3,298,5.15,25.0,23,,7.90,4.97
Justin Simmons,S,Boston Col.,6-2,202,4.61,40.0,16,126,6.58,3.85
Leshaun Sims,CB,Southern Utah,6-0,203,4.53,37.0,11,120,7.08,4.19
Matt Skura,C,Duke,6-3,305,5.39,24.0,27,103,7.89,4.76
Pearce Slater,OT,San Diego State,6-7,329,5.42,23.0,17,92,8.36,5.12
Wendell Smallwood,RB,West Virginia,5-10,208,4.47,33.5,14,120,6.83,4.28
Jaylon Smith,OLB,Notre Dame,6-2,223,4.67,,,,,
Ryan Smith,CB,North Carolina Central,5-11,189,4.47,36.0,18,122,6.88,4.09
Terrance Smith,ILB,Florida State,6-3,235,4.77,34.5,19,120,,
Noah Spence,DE,East. Kentucky,6-2,251,4.80,35.0,25,121,7.21,4.35
Jason Spriggs,OT,Indiana,6-6,301,4.94,31.5,31,115,7.70,4.44
Nelson Spruce,WR,Colorado,6-1,206,4.69,35.0,12,114,7.09,4.20
A.J. Stamps,S,Kentucky,5-11,193,4.79,33.0,15,115,7.17,4.25
Ronnie Stanley,OT,Notre Dame,6-6,312,5.20,28.5,,,8.03,4.90
Joel Stave,QB,Wisconsin,6-5,236,4.80,33.5,,115,7.29,4.33
Eric Striker,OLB,Oklahoma,5-11,227,4.80,30.0,23,116,7.30,4.46
Nate Sudfeld,QB,Indiana,6-6,234,5.02,29.0,,105,,
Charles Tapper,DE,Oklahoma,6-3,271,4.59,34.0,23,119,,
Kelvin Taylor,RB,Florida,5-10,207,4.60,32.0,15,113,,
John Theus,OT,Georgia,6-6,313,5.22,28.0,,103,7.90,4.78
Lawrence Thomas,DT,Michigan State,6-3,286,4.98,35.0,,113,,
Michael Thomas,WR,Ohio State,6-3,212,4.57,35.0,18,126,6.80,4.13
Darian Thompson,S,Boise State,6-2,208,4.69,32.5,12,118,7.26,4.33
Ron Thompson,DE,Syracuse,6-3,253,4.92,,18,,7.46,4.50
Shadrach Thornton,RB,North Carolina State,6-0,217,4.75,31.0,12,116,6.85,4.21
Joe Thuney,OT,North Carolina State,6-5,304,4.95,28.5,28,110,7.47,4.54
Cole Toner,OT,Harvard,6-5,306,5.32,26.0,22,103,7.88,4.59

Laquon Treadwell,WR,Mississippi,6-2,221,4.52,33.0,12,117,,
Sebastian Tretola,OG,Arkansas,6-4,314,5.45,23.5,22,90,7.94,5.02
Max Tuerk,C,USC,6-5,298,5.12,,22,,,
Laremy Tunsil,OT,Mississippi,6-5,310,5.23,,,,,
Landon Turner,OG,North Carolina,6-4,330,5.58,19.0,30,88,,
Soma Vainuku,FB,USC,5-11,246,4.68,32.0,26,108,,
Halapoulivaati Vaitai,OT,TCU,6-6,320,5.26,29.0,23,113,8.26,5.00
Vincent Valentine,DT,Nebraska,6-4,329,5.19,29.0,17,110,8.03,4.59
Nick Vannett,TE,Ohio State,6-6,257,4.76,30.5,17,111,7.05,4.20
Nick Vigil,ILB,Utah State,6-2,239,4.72,31.5,,115,6.73,4.00
Dan Vitale,FB,Northwestern,6-1,239,4.60,38.5,30,123,7.12,4.12
Jihad Ward,DT,Illinois,6-5,297,5.11,25.0,20,111,7.38,4.63
Adolphus Washington,DT,Ohio State,6-3,301,5.17,27.0,21,99,8.06,4.79
Deandre Washington,RB,Texas Tech,5-8,204,4.49,34.5,24,116,7.03,4.20
Stephen Weatherly,OLB,Vanderbilt,6-4,267,4.61,31.0,23,117,,
Carson Wentz,QB,North Dakota State,6-5,237,4.77,30.5,,118,6.86,4.15
Christian Westerman,OG,Arizona State,6-3,298,5.12,,34,98,7.69,4.71
D.J. White,CB,Georgia Tech,5-11,193,4.49,33.0,17,132,7.18,4.33
Cody Whitehair,OT,Kansas State,6-4,301,5.02,25.5,16,110,7.32,4.58
Brandon Wilds,RB,South Carolina,6-1,220,4.54,36.5,21,118,7.08,4.33
Brandon Williams,CB,Texas A&M,5-11,197,4.37,30.5,18,118,6.85,4.19
Bryce Williams,TE,East Carolina,6-6,257,4.94,29.5,19,111,7.19,4.53
Duke Williams,WR,Auburn,6-2,229,4.72,30.0,14,121,7.43,4.47
Jonathan Williams,RB,Arkansas,5-11,220,4.56,,16,,,
De'Runnya Wilson,WR,Mississippi State,6-5,224,4.85,28.0,,113,,
Josh Woodrum,QB,Liberty,6-3,231,4.80,31.0,,116,6.74,4.31
Antwaun Woods,DL,USC,6-0,318,5.18,,,,,
Daryl Worley,CB,West Virginia,6-1,204,4.64,35.5,14,123,6.98,4.15
Connor Wujciak,DT,Boston Col.,6-2,291,4.91,34.5,22,117,7.32,4.27
Avery Young,OT,Auburn,6-5,328,5.39,,,,8.22,4.91
Tavon Young,CB,Temple,5-9,183,4.46,34.5,9,118,6.80,3.93
Anthony Zettel,DT,Penn State,6-4,277,4.81,30.5,28,109,7.63,4.39
